"junctionName","roadName","primaryDirection","secondaryDirection","primaryUpstreamJunctionSection","primaryDownstreamJunctionSection.id","primaryDownstreamJunctionSection.order","primaryDownstreamJunctionSection.direction","primaryDownstreamJunctionSection.roadName","primaryDownstreamJunctionSection.downStreamJunctionId","primaryDownstreamJunctionSection.downStreamJunctionApproachRoad","primaryDownstreamJunctionSection.downStreamJunctionApproachDirection","primaryDownstreamJunctionSection.downStreamJunctionDescription","primaryDownstreamJunctionSection.downStreamJunctionDestination","primaryDownstreamJunctionSection.upStreamJunctionId","primaryDownstreamJunctionSection.upStreamJunctionApproachRoad","primaryDownstreamJunctionSection.upStreamJunctionApproachDirection","primaryDownstreamJunctionSection.upStreamJunctionDescription","primaryDownstreamJunctionSection.upStreamJunctionDestination","primaryDownstreamJunctionSection.links.0.id","primaryDownstreamJunctionSection.links.0.roadId","primaryDownstreamJunctionSection.links.0.length","primaryDownstreamJunctionSection.links.0.sectionId","primaryDownstreamJunctionSection.links.0.sectionOrder","primaryDownstreamJunctionSection.links.0.direction","primaryDownstreamJunctionSection.links.0.linkName","primaryDownstreamJunctionSection.links.0.roadName","primaryDownstreamJunctionSection.links.0.m6TollPromoLink","primaryDownstreamJunctionSection.links.0.speedLimit","primaryDownstreamJunctionSection.links.0.speed","primaryDownstreamJunctionSection.links.0.flow","primaryDownstreamJunctionSection.links.0.journeyTime","primaryDownstreamJunctionSection.links.0.lastUpdated","primaryDownstreamJunctionSection.links.0.latitude","primaryDownstreamJunctionSection.links.0.longitude","primaryDownstreamJunctionSection.avgSpeed","secondaryUpstreamJunctionSection.id","secondaryUpstreamJunctionSection.order","secondaryUpstreamJunctionSection.direction","secondaryUpstreamJunctionSection.roadName","secondaryUpstreamJunctionSection.downStreamJunctionId","secondaryUpstreamJunctionSection.downStreamJunctionApproachRoad","secondaryUpstreamJunctionSection.downStreamJunctionApproachDirection","secondaryUpstreamJunctionSection.downStreamJunctionDescription","secondaryUpstreamJunctionSection.downStreamJunctionDestination","secondaryUpstreamJunctionSection.upStreamJunctionId","secondaryUpstreamJunctionSection.upStreamJunctionApproachRoad","secondaryUpstreamJunctionSection.upStreamJunctionApproachDirection","secondaryUpstreamJunctionSection.upStreamJunctionDescription","secondaryUpstreamJunctionSection.upStreamJunctionDestination","secondaryUpstreamJunctionSection.links.0.id","secondaryUpstreamJunctionSection.links.0.roadId","secondaryUpstreamJunctionSection.links.0.length","secondaryUpstreamJunctionSection.links.0.sectionId","secondaryUpstreamJunctionSection.links.0.sectionOrder","secondaryUpstreamJunctionSection.links.0.direction","secondaryUpstreamJunctionSection.links.0.linkName","secondaryUpstreamJunctionSection.links.0.roadName","secondaryUpstreamJunctionSection.links.0.m6TollPromoLink","secondaryUpstreamJunctionSection.links.0.speedLimit","secondaryUpstreamJunctionSection.links.0.speed","secondaryUpstreamJunctionSection.links.0.flow","secondaryUpstreamJunctionSection.links.0.journeyTime","secondaryUpstreamJunctionSection.links.0.lastUpdated","secondaryUpstreamJunctionSection.links.0.latitude","secondaryUpstreamJunctionSection.links.0.longitude","secondaryUpstreamJunctionSection.links.1.id","secondaryUpstreamJunctionSection.links.1.roadId","secondaryUpstreamJunctionSection.links.1.length","secondaryUpstreamJunctionSection.links.1.sectionId","secondaryUpstreamJunctionSection.links.1.sectionOrder","secondaryUpstreamJunctionSection.links.1.direction","secondaryUpstreamJunctionSection.links.1.linkName","secondaryUpstreamJunctionSection.links.1.roadName","secondaryUpstreamJunctionSection.links.1.m6TollPromoLink","secondaryUpstreamJunctionSection.links.1.speedLimit","secondaryUpstreamJunctionSection.links.1.speed","secondaryUpstreamJunctionSection.links.1.flow","secondaryUpstreamJunctionSection.links.1.journeyTime","secondaryUpstreamJunctionSection.links.1.lastUpdated","secondaryUpstreamJunctionSection.links.1.latitude","secondaryUpstreamJunctionSection.links.1.longitude","secondaryUpstreamJunctionSection.avgSpeed","secondaryDownstreamJunctionSection","primaryDirectionDescription","secondaryDirectionDescription","availableInPrimaryDirection","availableInSecondaryDirection","circularRoad","_key","primaryUpstreamJunctionSection.id","primaryUpstreamJunctionSection.order","primaryUpstreamJunctionSection.direction","primaryUpstreamJunctionSection.roadName","primaryUpstreamJunctionSection.downStreamJunctionId","primaryUpstreamJunctionSection.downStreamJunctionApproachRoad","primaryUpstreamJunctionSection.downStreamJunctionApproachDirection","primaryUpstreamJunctionSection.downStreamJunctionDescription","primaryUpstreamJunctionSection.downStreamJunctionDestination","primaryUpstreamJunctionSection.upStreamJunctionId","primaryUpstreamJunctionSection.upStreamJunctionApproachRoad","primaryUpstreamJunctionSection.upStreamJunctionApproachDirection","primaryUpstreamJunctionSection.upStreamJunctionDescription","primaryUpstreamJunctionSection.upStreamJunctionDestination","primaryUpstreamJunctionSection.links.0.id","primaryUpstreamJunctionSection.links.0.roadId","primaryUpstreamJunctionSection.links.0.length","primaryUpstreamJunctionSection.links.0.sectionId","primaryUpstreamJunctionSection.links.0.sectionOrder","primaryUpstreamJunctionSection.links.0.direction","primaryUpstreamJunctionSection.links.0.linkName","primaryUpstreamJunctionSection.links.0.roadName","primaryUpstreamJunctionSection.links.0.m6TollPromoLink","primaryUpstreamJunctionSection.links.0.speedLimit","primaryUpstreamJunctionSection.links.0.speed","primaryUpstreamJunctionSection.links.0.flow","primaryUpstreamJunctionSection.links.0.journeyTime","primaryUpstreamJunctionSection.links.0.lastUpdated","primaryUpstreamJunctionSection.links.0.latitude","primaryUpstreamJunctionSection.links.0.longitude","primaryUpstreamJunctionSection.avgSpeed","primaryDownstreamJunctionSection.links.1.id","primaryDownstreamJunctionSection.links.1.roadId","primaryDownstreamJunctionSection.links.1.length","primaryDownstreamJunctionSection.links.1.sectionId","primaryDownstreamJunctionSection.links.1.sectionOrder","primaryDownstreamJunctionSection.links.1.direction","primaryDownstreamJunctionSection.links.1.linkName","primaryDownstreamJunctionSection.links.1.roadName","primaryDownstreamJunctionSection.links.1.m6TollPromoLink","primaryDownstreamJunctionSection.links.1.speedLimit","primaryDownstreamJunctionSection.links.1.speed","primaryDownstreamJunctionSection.links.1.flow","primaryDownstreamJunctionSection.links.1.journeyTime","primaryDownstreamJunctionSection.links.1.lastUpdated","primaryDownstreamJunctionSection.links.1.latitude","primaryDownstreamJunctionSection.links.1.longitude","primaryDownstreamJunctionSection.links.2.id","primaryDownstreamJunctionSection.links.2.roadId","primaryDownstreamJunctionSection.links.2.length","primaryDownstreamJunctionSection.links.2.sectionId","primaryDownstreamJunctionSection.links.2.sectionOrder","primaryDownstreamJunctionSection.links.2.direction","primaryDownstreamJunctionSection.links.2.linkName","primaryDownstreamJunctionSection.links.2.roadName","primaryDownstreamJunctionSection.links.2.m6TollPromoLink","primaryDownstreamJunctionSection.links.2.speedLimit","primaryDownstreamJunctionSection.links.2.speed","primaryDownstreamJunctionSection.links.2.flow","primaryDownstreamJunctionSection.links.2.journeyTime","primaryDownstreamJunctionSection.links.2.lastUpdated","primaryDownstreamJunctionSection.links.2.latitude","primaryDownstreamJunctionSection.links.2.longitude","primaryDownstreamJunctionSection.links.3.id","primaryDownstreamJunctionSection.links.3.roadId","primaryDownstreamJunctionSection.links.3.length","primaryDownstreamJunctionSection.links.3.sectionId","primaryDownstreamJunctionSection.links.3.sectionOrder","primaryDownstreamJunctionSection.links.3.direction","primaryDownstreamJunctionSection.links.3.linkName","primaryDownstreamJunctionSection.links.3.roadName","primaryDownstreamJunctionSection.links.3.m6TollPromoLink","primaryDownstreamJunctionSection.links.3.speedLimit","primaryDownstreamJunctionSection.links.3.speed","primaryDownstreamJunctionSection.links.3.flow","primaryDownstreamJunctionSection.links.3.journeyTime","primaryDownstreamJunctionSection.links.3.lastUpdated","primaryDownstreamJunctionSection.links.3.latitude","primaryDownstreamJunctionSection.links.3.longitude","secondaryUpstreamJunctionSection.links.2.id","secondaryUpstreamJunctionSection.links.2.roadId","secondaryUpstreamJunctionSection.links.2.length","secondaryUpstreamJunctionSection.links.2.sectionId","secondaryUpstreamJunctionSection.links.2.sectionOrder","secondaryUpstreamJunctionSection.links.2.direction","secondaryUpstreamJunctionSection.links.2.linkName","secondaryUpstreamJunctionSection.links.2.roadName","secondaryUpstreamJunctionSection.links.2.m6TollPromoLink","secondaryUpstreamJunctionSection.links.2.speedLimit","secondaryUpstreamJunctionSection.links.2.speed","secondaryUpstreamJunctionSection.links.2.flow","secondaryUpstreamJunctionSection.links.2.journeyTime","secondaryUpstreamJunctionSection.links.2.lastUpdated","secondaryUpstreamJunctionSection.links.2.latitude","secondaryUpstreamJunctionSection.links.2.longitude","secondaryDownstreamJunctionSection.id","secondaryDownstreamJunctionSection.order","secondaryDownstreamJunctionSection.direction","secondaryDownstreamJunctionSection.roadName","secondaryDownstreamJunctionSection.downStreamJunctionId","secondaryDownstreamJunctionSection.downStreamJunctionApproachRoad","secondaryDownstreamJunctionSection.downStreamJunctionApproachDirection","secondaryDownstreamJunctionSection.downStreamJunctionDescription","secondaryDownstreamJunctionSection.downStreamJunctionDestination","secondaryDownstreamJunctionSection.upStreamJunctionId","secondaryDownstreamJunctionSection.upStreamJunctionApproachRoad","secondaryDownstreamJunctionSection.upStreamJunctionApproachDirection","secondaryDownstreamJunctionSection.upStreamJunctionDescription","secondaryDownstreamJunctionSection.upStreamJunctionDestination","secondaryDownstreamJunctionSection.links.0.id","secondaryDownstreamJunctionSection.links.0.roadId","secondaryDownstreamJunctionSection.links.0.length","secondaryDownstreamJunctionSection.links.0.sectionId","secondaryDownstreamJunctionSection.links.0.sectionOrder","secondaryDownstreamJunctionSection.links.0.direction","secondaryDownstreamJunctionSection.links.0.linkName","secondaryDownstreamJunctionSection.links.0.roadName","secondaryDownstreamJunctionSection.links.0.m6TollPromoLink","secondaryDownstreamJunctionSection.links.0.speedLimit","secondaryDownstreamJunctionSection.links.0.speed","secondaryDownstreamJunctionSection.links.0.flow","secondaryDownstreamJunctionSection.links.0.journeyTime","secondaryDownstreamJunctionSection.links.0.lastUpdated","secondaryDownstreamJunctionSection.links.0.latitude","secondaryDownstreamJunctionSection.links.0.longitude","secondaryDownstreamJunctionSection.links.1.id","secondaryDownstreamJunctionSection.links.1.roadId","secondaryDownstreamJunctionSection.links.1.length","secondaryDownstreamJunctionSection.links.1.sectionId","secondaryDownstreamJunctionSection.links.1.sectionOrder","secondaryDownstreamJunctionSection.links.1.direction","secondaryDownstreamJunctionSection.links.1.linkName","secondaryDownstreamJunctionSection.links.1.roadName","secondaryDownstreamJunctionSection.links.1.m6TollPromoLink","secondaryDownstreamJunctionSection.links.1.speedLimit","secondaryDownstreamJunctionSection.links.1.speed","secondaryDownstreamJunctionSection.links.1.flow","secondaryDownstreamJunctionSection.links.1.journeyTime","secondaryDownstreamJunctionSection.links.1.lastUpdated","secondaryDownstreamJunctionSection.links.1.latitude","secondaryDownstreamJunctionSection.links.1.longitude","secondaryDownstreamJunctionSection.avgSpeed","primaryUpstreamJunctionSection.links.1.id","primaryUpstreamJunctionSection.links.1.roadId","primaryUpstreamJunctionSection.links.1.length","primaryUpstreamJunctionSection.links.1.sectionId","primaryUpstreamJunctionSection.links.1.sectionOrder","primaryUpstreamJunctionSection.links.1.direction","primaryUpstreamJunctionSection.links.1.linkName","primaryUpstreamJunctionSection.links.1.roadName","primaryUpstreamJunctionSection.links.1.m6TollPromoLink","primaryUpstreamJunctionSection.links.1.speedLimit","primaryUpstreamJunctionSection.links.1.speed","primaryUpstreamJunctionSection.links.1.flow","primaryUpstreamJunctionSection.links.1.journeyTime","primaryUpstreamJunctionSection.links.1.lastUpdated","primaryUpstreamJunctionSection.links.1.latitude","primaryUpstreamJunctionSection.links.1.longitude","primaryUpstreamJunctionSection.links.2.id","primaryUpstreamJunctionSection.links.2.roadId","primaryUpstreamJunctionSection.links.2.length","primaryUpstreamJunctionSection.links.2.sectionId","primaryUpstreamJunctionSection.links.2.sectionOrder","primaryUpstreamJunctionSection.links.2.direction","primaryUpstreamJunctionSection.links.2.linkName","primaryUpstreamJunctionSection.links.2.roadName","primaryUpstreamJunctionSection.links.2.m6TollPromoLink","primaryUpstreamJunctionSection.links.2.speedLimit","primaryUpstreamJunctionSection.links.2.speed","primaryUpstreamJunctionSection.links.2.flow","primaryUpstreamJunctionSection.links.2.journeyTime","primaryUpstreamJunctionSection.links.2.lastUpdated","primaryUpstreamJunctionSection.links.2.latitude","primaryUpstreamJunctionSection.links.2.longitude","primaryUpstreamJunctionSection.links.3.id","primaryUpstreamJunctionSection.links.3.roadId","primaryUpstreamJunctionSection.links.3.length","primaryUpstreamJunctionSection.links.3.sectionId","primaryUpstreamJunctionSection.links.3.sectionOrder","primaryUpstreamJunctionSection.links.3.direction","primaryUpstreamJunctionSection.links.3.linkName","primaryUpstreamJunctionSection.links.3.roadName","primaryUpstreamJunctionSection.links.3.m6TollPromoLink","primaryUpstreamJunctionSection.links.3.speedLimit","primaryUpstreamJunctionSection.links.3.speed","primaryUpstreamJunctionSection.links.3.flow","primaryUpstreamJunctionSection.links.3.journeyTime","primaryUpstreamJunctionSection.links.3.lastUpdated","primaryUpstreamJunctionSection.links.3.latitude","primaryUpstreamJunctionSection.links.3.longitude","secondaryDownstreamJunctionSection.links.2.id","secondaryDownstreamJunctionSection.links.2.roadId","secondaryDownstreamJunctionSection.links.2.length","secondaryDownstreamJunctionSection.links.2.sectionId","secondaryDownstreamJunctionSection.links.2.sectionOrder","secondaryDownstreamJunctionSection.links.2.direction","secondaryDownstreamJunctionSection.links.2.linkName","secondaryDownstreamJunctionSection.links.2.roadName","secondaryDownstreamJunctionSection.links.2.m6TollPromoLink","secondaryDownstreamJunctionSection.links.2.speedLimit","secondaryDownstreamJunctionSection.links.2.speed","secondaryDownstreamJunctionSection.links.2.flow","secondaryDownstreamJunctionSection.links.2.journeyTime","secondaryDownstreamJunctionSection.links.2.lastUpdated","secondaryDownstreamJunctionSection.links.2.latitude","secondaryDownstreamJunctionSection.links.2.longitude","secondaryUpstreamJunctionSection.links.3.id","secondaryUpstreamJunctionSection.links.3.roadId","secondaryUpstreamJunctionSection.links.3.length","secondaryUpstreamJunctionSection.links.3.sectionId","secondaryUpstreamJunctionSection.links.3.sectionOrder","secondaryUpstreamJunctionSection.links.3.direction","secondaryUpstreamJunctionSection.links.3.linkName","secondaryUpstreamJunctionSection.links.3.roadName","secondaryUpstreamJunctionSection.links.3.m6TollPromoLink","secondaryUpstreamJunctionSection.links.3.speedLimit","secondaryUpstreamJunctionSection.links.3.speed","secondaryUpstreamJunctionSection.links.3.flow","secondaryUpstreamJunctionSection.links.3.journeyTime","secondaryUpstreamJunctionSection.links.3.lastUpdated","secondaryUpstreamJunctionSection.links.3.latitude","secondaryUpstreamJunctionSection.links.3.longitude","secondaryDownstreamJunctionSection.links.3.id","secondaryDownstreamJunctionSection.links.3.roadId","secondaryDownstreamJunctionSection.links.3.length","secondaryDownstreamJunctionSection.links.3.sectionId","secondaryDownstreamJunctionSection.links.3.sectionOrder","secondaryDownstreamJunctionSection.links.3.direction","secondaryDownstreamJunctionSection.links.3.linkName","secondaryDownstreamJunctionSection.links.3.roadName","secondaryDownstreamJunctionSection.links.3.m6TollPromoLink","secondaryDownstreamJunctionSection.links.3.speedLimit","secondaryDownstreamJunctionSection.links.3.speed","secondaryDownstreamJunctionSection.links.3.flow","secondaryDownstreamJunctionSection.links.3.journeyTime","secondaryDownstreamJunctionSection.links.3.lastUpdated","secondaryDownstreamJunctionSection.links.3.latitude","secondaryDownstreamJunctionSection.links.3.longitude","primaryDownstreamJunctionSection","secondaryUpstreamJunctionSection"
"J1","M1","NB","SB",,50000001,0,"NB","M1",204544,"2001","NB","J2","Limited Access",202531,"2001","NB","J1","Brent Cross",199112202,2001,3521,50000001,0,"NB","M1 northbound between J1 and J2","M1",false,70,,,,,,,70,50000104,105,"SB","M1",202531,"2001","SB","J1","Brent Cross",204544,"2001","SB","J2","Mill Hill",126043501,2001,3153,50000104,0,"SB","M1 southbound between J2 and J1","M1",false,70,,,,,,,199109602,2001,573,50000104,1,"SB","M1 southbound between J2 and J1","M1",false,50,,,,,,,54.0618,,"Brent Cross","Brent Cross",true,true,false,"01:J1",,,,,,,,,,,,,,,,,,,,,,,,,,,,,,,,,,,,,,,,,,,,,,,,,,,,,,,,,,,,,,,,,,,,,,,,,,,,,,,,,,,,,,,,,,,,,,,,,,,,,,,,,,,,,,,,,,,,,,,,,,,,,,,,,,,,,,,,,,,,,,,,,,,,,,,,,,,,,,,,,,,,,,,,,,,,,,,,,,,,,,,,,,,,,,,,,,,,,,,,,,,,,,,,,,,,,,,,,,,,,,,,,,,,,,,,,,,,,,,,
"J2","M1","NB","SB",,50000002,1,"NB","M1",200618,"2001","NB","J4","Limited Access",204544,"2001","NB","J2","Limited Access",200130635,2001,2935,50000002,0,"NB","M1 northbound between J2 and J4","M1",false,70,,,,,,,70,50000103,104,"SB","M1",204544,"2001","SB","J2","Mill Hill",200618,"2001","SB","J4","Edgware",123013101,2001,2617,50000103,0,"SB","M1 southbound between J4 and J2","M1",false,70,,,,,,,123013201,2001,785,50000103,1,"SB","M1 southbound at the London Gateway services between J4 and J2","M1",false,70,,,,,,,69.021675,,"Limited Access","Mill Hill",true,true,false,"02:J2",50000001,0,"NB","M1",204544,"2001","NB","J2","Limited Access",202531,"2001","NB","J1","Brent Cross",199112202,2001,3521,50000001,0,"NB","M1 northbound between J1 and J2","M1",false,70,,,,,,,70,200130636,2001,437,50000002,1,"NB","M1 northbound between J2 and J4","M1",false,70,,,,,,,123013001,2001,675,50000002,2,"NB","M1 northbound at the London Gateway services between J2 and J4","M1",false,70,,,,,,,199111903,2001,2694,50000002,3,"NB","M1 northbound between J2 and J4","M1",false,70,,,,,,,199112102,2001,3519,50000103,2,"SB","M1 southbound between J4 and J2","M1",false,70,,,,,,,50000104,105,"SB","M1",202531,"2001","SB","J1","Brent Cross",204544,"2001","SB","J2","Mill Hill",126043501,2001,3153,50000104,0,"SB","M1 southbound between J2 and J1","M1",false,70,,,,,,,199109602,2001,573,50000104,1,"SB","M1 southbound between J2 and J1","M1",false,50,,,,,,,54.0618,,,,,,,,,,,,,,,,,,,,,,,,,,,,,,,,,,,,,,,,,,,,,,,,,,,,,,,,,,,,,,,,,,,,,,,,,,,,,,,,,,,,,,,,,,,,,,,,,,
"J4","M1","NB","SB",,50000003,2,"NB","M1",200529,"2001","NB","J5","Watford",200618,"2001","NB","J4","Limited Access",108024801,2001,5747,50000003,0,"NB","M1 northbound between J4 and J5","M1",false,70,,,,,,,67.97881,50000102,103,"SB","M1",200618,"2001","SB","J4","Edgware",200529,"2001","SB","J5","Watford",125038701,2001,3052,50000102,0,"SB","M1 southbound between J5 and J4","M1",false,70,,,,,,,125038801,2001,959,50000102,1,"SB","M1 southbound between J5 and J4","M1",false,70,,,,,,,70,,"Limited Access","Edgware",true,true,false,"03:J4",50000002,1,"NB","M1",200618,"2001","NB","J4","Limited Access",204544,"2001","NB","J2","Limited Access",200130635,2001,2935,50000002,0,"NB","M1 northbound between J2 and J4","M1",false,70,,,,,,,70,108025501,2001,839,50000003,1,"NB","M1 northbound within J5","M1",false,70,,,,,,,,,,,,,,,,,,,,,,,,,,,,,,,,,,,,,,,199111802,2001,1707,50000102,2,"SB","M1 southbound between J5 and J4","M1",false,70,,,,,,,50000103,104,"SB","M1",204544,"2001","SB","J2","Mill Hill",200618,"2001","SB","J4","Edgware",123013101,2001,2617,50000103,0,"SB","M1 southbound between J4 and J2","M1",false,70,,,,,,,123013201,2001,785,50000103,1,"SB","M1 southbound at the London Gateway services between J4 and J2","M1",false,70,,,,,,,69.021675,200130636,2001,437,50000002,1,"NB","M1 northbound between J2 and J4","M1",false,70,,,,,,,123013001,2001,675,50000002,2,"NB","M1 northbound at the London Gateway services between J2 and J4","M1",false,70,,,,,,,199111903,2001,2694,50000002,3,"NB","M1 northbound between J2 and J4","M1",false,70,,,,,,,199112102,2001,3519,50000103,2,"SB","M1 southbound between J4 and J2","M1",false,70,,,,,,,,,,,,,,,,,,,,,,,,,,,,,,,,,,,,,,,,
"J5","M1","NB","SB",,50000004,3,"NB","M1",200533,"2001","NB","J6","St Albans",200529,"2001","NB","J5","Watford",108023801,2001,3617,50000004,0,"NB","M1 northbound between J5 and J6","M1",false,70,,,,,,,67.108086,50000101,102,"SB","M1",200529,"2001","SB","J5","Watford",200533,"2001","SB","J6","St Albans",108025001,2001,3356,50000101,0,"SB","M1 southbound between J6 and J5","M1",false,70,,,,,,,108025101,2001,852,50000101,1,"SB","M1 southbound within J5","M1",false,70,,,,,,,70,,"Watford","Watford",true,true,false,"04:J5",50000003,2,"NB","M1",200529,"2001","NB","J5","Watford",200618,"2001","NB","J4","Limited Access",108024801,2001,5747,50000003,0,"NB","M1 northbound between J4 and J5","M1",false,70,,,,,,,67.97881,108023901,2001,198,50000004,1,"NB","M1 northbound within J6","M1",false,70,,,,,,,,,,,,,,,,,,,,,,,,,,,,,,,,,,,,,,,,,,,,,,,,,,,,,,,50000102,103,"SB","M1",200618,"2001","SB","J4","Edgware",200529,"2001","SB","J5","Watford",125038701,2001,3052,50000102,0,"SB","M1 southbound between J5 and J4","M1",false,70,,,,,,,125038801,2001,959,50000102,1,"SB","M1 southbound between J5 and J4","M1",false,70,,,,,,,70,108025501,2001,839,50000003,1,"NB","M1 northbound within J5","M1",false,70,,,,,,,,,,,,,,,,,,,,,,,,,,,,,,,,,,,,,,,199111802,2001,1707,50000102,2,"SB","M1 southbound between J5 and J4","M1",false,70,,,,,,,,,,,,,,,,,,,,,,,,,,,,,,,,,,,,,,,,
"J6","M1","NB","SB",,50000005,4,"NB","M1",200017,"2001","NB","J6A","Limited Access",200533,"2001","NB","J6","St Albans",108024602,2001,1759,50000005,0,"NB","M1 northbound between J6 and J6A","M1",false,70,,,,,,,61.515743,50000100,101,"SB","M1",200533,"2001","SB","J6","St Albans",200017,"2001","SB","J6A","Heathrow",108023701,2001,2097,50000100,0,"SB","M1 southbound between J6A and J6","M1",false,70,,,,,,,108023601,2001,131,50000100,1,"SB","M1 southbound within J6","M1",false,70,,,,,,,70,,"St Albans","St Albans",true,true,false,"05:J6",50000004,3,"NB","M1",200533,"2001","NB","J6","St Albans",200529,"2001","NB","J5","Watford",108023801,2001,3617,50000004,0,"NB","M1 northbound between J5 and J6","M1",false,70,,,,,,,67.108086,,,,,,,,,,,,,,,,,,,,,,,,,,,,,,,,,,,,,,,,,,,,,,,,,,,,,,,,,,,,,,,,,50000101,102,"SB","M1",200529,"2001","SB","J5","Watford",200533,"2001","SB","J6","St Albans",108025001,2001,3356,50000101,0,"SB","M1 southbound between J6 and J5","M1",false,70,,,,,,,108025101,2001,852,50000101,1,"SB","M1 southbound within J5","M1",false,70,,,,,,,70,108023901,2001,198,50000004,1,"NB","M1 northbound within J6","M1",false,70,,,,,,,,,,,,,,,,,,,,,,,,,,,,,,,,,,,,,,,,,,,,,,,,,,,,,,,,,,,,,,,,,,,,,,,,,,,,,,,,,,,,,,,,
"J6A","M1","NB","SB",,50000006,5,"NB","M1",201015,"2001","NB","J7","Limited Access",200017,"2001","NB","J6A","Limited Access",200047543,2001,3096,50000006,0,"NB","M1 northbound between J6A and J8","M1",false,70,,,,,,,66.67541,50000099,100,"SB","M1",200017,"2001","SB","J6A","Heathrow",201015,"2001","SB","J7","Hemel Hempstead",108024501,2001,2886,50000099,0,"SB","M1 southbound between J8 and J6A","M1",false,70,,,,,,,,,,,,,,,,,,,,,,,63.379864,,"Limited Access","Heathrow",true,true,false,"06:J6A",50000005,4,"NB","M1",200017,"2001","NB","J6A","Limited Access",200533,"2001","NB","J6","St Albans",108024602,2001,1759,50000005,0,"NB","M1 northbound between J6 and J6A","M1",false,70,,,,,,,61.515743,200047586,2001,342,50000006,1,"NB","M1 J8 northbound exit","M1",false,50,,,,,,,,,,,,,,,,,,,,,,,,,,,,,,,,,,,,,,,,,,,,,,,,,,,,,,,50000100,101,"SB","M1",200533,"2001","SB","J6","St Albans",200017,"2001","SB","J6A","Heathrow",108023701,2001,2097,50000100,0,"SB","M1 southbound between J6A and J6","M1",false,70,,,,,,,108023601,2001,131,50000100,1,"SB","M1 southbound within J6","M1",false,70,,,,,,,70,,,,,,,,,,,,,,,,,,,,,,,,,,,,,,,,,,,,,,,,,,,,,,,,,,,,,,,,,,,,,,,,,,,,,,,,,,,,,,,,,,,,,,,,,,,,,,,,,,
"J7","M1","NB","SB",,50000007,6,"NB","M1",200534,"2001","NB","J8","Hemel Hempstead",201015,"2001","NB","J7","Limited Access",200047590,2001,698,50000007,0,"NB","M1 northbound distributor within J8","M1",false,50,,,,,,,59.03026,50000098,99,"SB","M1",201015,"2001","SB","J7","Hemel Hempstead",200534,"2001","SB","J8","Hemel Hempstead",200047635,2001,1056,50000098,0,"SB","M1 southbound between J8 and J7","M1",false,50,,,,,,,200047637,2001,490,50000098,1,"SB","M1 J8 southbound access","M1",false,70,,,,,,,48.425957,,"Limited Access","Hemel Hempstead",true,true,false,"07:J7",50000006,5,"NB","M1",201015,"2001","NB","J7","Limited Access",200017,"2001","NB","J6A","Limited Access",200047543,2001,3096,50000006,0,"NB","M1 northbound between J6A and J8","M1",false,70,,,,,,,66.67541,200047601,2001,350,50000007,1,"NB","M1 northbound within J8 from A414","M1",false,50,,,,,,,,,,,,,,,,,,,,,,,,,,,,,,,,,,,,,,,,,,,,,,,,,,,,,,,50000099,100,"SB","M1",200017,"2001","SB","J6A","Heathrow",201015,"2001","SB","J7","Hemel Hempstead",108024501,2001,2886,50000099,0,"SB","M1 southbound between J8 and J6A","M1",false,70,,,,,,,,,,,,,,,,,,,,,,,63.379864,200047586,2001,342,50000006,1,"NB","M1 J8 northbound exit","M1",false,50,,,,,,,,,,,,,,,,,,,,,,,,,,,,,,,,,,,,,,,,,,,,,,,,,,,,,,,,,,,,,,,,,,,,,,,,,,,,,,,,,,,,,,,,
"J8","M1","NB","SB",,50000008,7,"NB","M1",200535,"2001","NB","J9","Dunstable",200534,"2001","NB","J8","Hemel Hempstead",200047603,2001,637,50000008,0,"NB","Connector at M1 J8 northbound","M1",false,70,,,,,,,66.80261,50000097,98,"SB","M1",200534,"2001","SB","J8","Hemel Hempstead",200535,"2001","SB","J9","Harpenden",200047604,2001,6089,50000097,0,"SB","M1 southbound between J9 and J8","M1",false,70,,,,,,,200047606,2001,618,50000097,1,"SB","Connector at M1 J8 southbound","M1",false,70,,,,,,,62.47235,,"Hemel Hempstead","Hemel Hempstead",true,true,false,"08:J8",50000007,6,"NB","M1",200534,"2001","NB","J8","Hemel Hempstead",201015,"2001","NB","J7","Limited Access",200047590,2001,698,50000007,0,"NB","M1 northbound distributor within J8","M1",false,50,,,,,,,59.03026,200047566,2001,5698,50000008,1,"NB","M1 northbound between J8 and J9","M1",false,70,,,,,,,108022602,2001,307,50000008,2,"NB","M1 northbound between J8 and J9","M1",false,70,,,,,,,108022501,2001,272,50000008,3,"NB","M1 northbound within J9","M1",false,70,,,,,,,200047625,2001,268,50000097,2,"SB","M1 southbound within J8 for A414","M1",false,50,,,,,,,50000098,99,"SB","M1",201015,"2001","SB","J7","Hemel Hempstead",200534,"2001","SB","J8","Hemel Hempstead",200047635,2001,1056,50000098,0,"SB","M1 southbound between J8 and J7","M1",false,50,,,,,,,200047637,2001,490,50000098,1,"SB","M1 J8 southbound access","M1",false,70,,,,,,,48.425957,200047601,2001,350,50000007,1,"NB","M1 northbound within J8 from A414","M1",false,50,,,,,,,,,,,,,,,,,,,,,,,,,,,,,,,,,,,,,,,,,,,,,,,,,,,,,,,,,,,,,,,,,,,,,,,,,,,,,,,,,,,,,,,,
"J9","M1","NB","SB",,50000009,8,"NB","M1",200537,"2001","NB","J10","Luton Airport",200535,"2001","NB","J9","Dunstable",126018401,2001,1744,50000009,0,"NB","M1 northbound between J9 and J10","M1",false,70,,,,,,,65.56557,50000096,97,"SB","M1",200535,"2001","SB","J9","Harpenden",200537,"2001","SB","J10","Luton Airport",108022201,2001,3051,50000096,0,"SB","M1 southbound between J10 and J9","M1",false,70,,,,,,,108022402,2001,334,50000096,1,"SB","M1 southbound within J9","M1",false,70,,,,,,,65.24397,,"Dunstable","Harpenden",true,true,false,"09:J9",50000008,7,"NB","M1",200535,"2001","NB","J9","Dunstable",200534,"2001","NB","J8","Hemel Hempstead",200047603,2001,637,50000008,0,"NB","Connector at M1 J8 northbound","M1",false,70,,,,,,,66.80261,108021702,2001,1745,50000009,1,"NB","M1 northbound between J9 and J10","M1",false,70,,,,,,,108021301,2001,669,50000009,2,"NB","M1 northbound within J10","M1",false,70,,,,,,,,,,,,,,,,,,,,,,,,,,,,,,,,,,,,,,,50000097,98,"SB","M1",200534,"2001","SB","J8","Hemel Hempstead",200535,"2001","SB","J9","Harpenden",200047604,2001,6089,50000097,0,"SB","M1 southbound between J9 and J8","M1",false,70,,,,,,,200047606,2001,618,50000097,1,"SB","Connector at M1 J8 southbound","M1",false,70,,,,,,,62.47235,200047566,2001,5698,50000008,1,"NB","M1 northbound between J8 and J9","M1",false,70,,,,,,,108022602,2001,307,50000008,2,"NB","M1 northbound between J8 and J9","M1",false,70,,,,,,,108022501,2001,272,50000008,3,"NB","M1 northbound within J9","M1",false,70,,,,,,,200047625,2001,268,50000097,2,"SB","M1 southbound within J8 for A414","M1",false,50,,,,,,,,,,,,,,,,,,,,,,,,,,,,,,,,,,,,,,,,
"J10","M1","NB","SB",,50000010,9,"NB","M1",203709,"2001","NB","J11","Luton",200537,"2001","NB","J10","Luton Airport",108023301,2001,4910,50000010,0,"NB","M1 northbound between J10 and J11","M1",false,70,,,,,,,58.346607,50000095,96,"SB","M1",200537,"2001","SB","J10","Luton Airport",203709,"2001","SB","J11","Luton",108022301,2001,4898,50000095,0,"SB","M1 southbound between J11 and J10","M1",false,70,,,,,,,108021901,2001,694,50000095,1,"SB","M1 southbound within J10","M1",false,70,,,,,,,58.245773,,"Luton Airport","Luton Airport",true,true,false,"10:J10",50000009,8,"NB","M1",200537,"2001","NB","J10","Luton Airport",200535,"2001","NB","J9","Dunstable",126018401,2001,1744,50000009,0,"NB","M1 northbound between J9 and J10","M1",false,70,,,,,,,65.56557,108023201,2001,547,50000010,1,"NB","M1 northbound within J11","M1",false,70,,,,,,,,,,,,,,,,,,,,,,,,,,,,,,,,,,,,,,,,,,,,,,,,,,,,,,,50000096,97,"SB","M1",200535,"2001","SB","J9","Harpenden",200537,"2001","SB","J10","Luton Airport",108022201,2001,3051,50000096,0,"SB","M1 southbound between J10 and J9","M1",false,70,,,,,,,108022402,2001,334,50000096,1,"SB","M1 southbound within J9","M1",false,70,,,,,,,65.24397,108021702,2001,1745,50000009,1,"NB","M1 northbound between J9 and J10","M1",false,70,,,,,,,108021301,2001,669,50000009,2,"NB","M1 northbound within J10","M1",false,70,,,,,,,,,,,,,,,,,,,,,,,,,,,,,,,,,,,,,,,,,,,,,,,,,,,,,,,,,,,,,,,,,,,,,,,,
"J11","M1","NB","SB",,50000011,10,"NB","M1",207385,"2001","NB","J11A","Dunstable",203709,"2001","NB","J11","Luton",200124640,2001,2751,50000011,0,"NB","M1 northbound between J11 and J11A","M1",false,70,,,,,,,58.116882,50002562,95,"SB","M1",203709,"2001","SB","J11","Luton",207385,"2001","SB","J11A","Dunstable",200124647,2001,2667,50002562,0,"SB","M1 southbound between J11A and J11","M1",false,70,,,,,,,108023401,2001,543,50002562,1,"SB","M1 southbound within J11","M1",false,70,,,,,,,57.16615,,"Luton","Luton",true,true,false,"11:J11",50000010,9,"NB","M1",203709,"2001","NB","J11","Luton",200537,"2001","NB","J10","Luton Airport",108023301,2001,4910,50000010,0,"NB","M1 northbound between J10 and J11","M1",false,70,,,,,,,58.346607,200124666,2001,992,50000011,1,"NB","M1 northbound within J11A","M1",false,70,,,,,,,,,,,,,,,,,,,,,,,,,,,,,,,,,,,,,,,,,,,,,,,,,,,,,,,50000095,96,"SB","M1",200537,"2001","SB","J10","Luton Airport",203709,"2001","SB","J11","Luton",108022301,2001,4898,50000095,0,"SB","M1 southbound between J11 and J10","M1",false,70,,,,,,,108021901,2001,694,50000095,1,"SB","M1 southbound within J10","M1",false,70,,,,,,,58.245773,108023201,2001,547,50000010,1,"NB","M1 northbound within J11","M1",false,70,,,,,,,,,,,,,,,,,,,,,,,,,,,,,,,,,,,,,,,,,,,,,,,,,,,,,,,,,,,,,,,,,,,,,,,,,,,,,,,,,,,,,,,,
"J11A","M1","NB","SB",,50002561,11,"NB","M1",203714,"2001","NB","J12","Flitwick",207385,"2001","NB","J11A","Dunstable",200124667,2001,2222,50002561,0,"NB","M1 northbound between J11A and J12","M1",false,70,,,,,,,60.39368,50000094,94,"SB","M1",207385,"2001","SB","J11A","Dunstable",203714,"2001","SB","J12","Flitwick",200113964,2001,1385,50000094,0,"SB","M1 southbound between J12 and J11A","M1",false,70,,,,,,,123018801,2001,348,50000094,1,"SB","M1 southbound at the Toddington services between J12 and J11A","M1",false,70,,,,,,,58.40541,,"Dunstable","Dunstable",true,true,false,"12:J11A",50000011,10,"NB","M1",207385,"2001","NB","J11A","Dunstable",203709,"2001","NB","J11","Luton",200124640,2001,2751,50000011,0,"NB","M1 northbound between J11 and J11A","M1",false,70,,,,,,,58.116882,123018601,2001,433,50002561,1,"NB","M1 northbound at the Toddington services between J11A and J12","M1",false,70,,,,,,,200113960,2001,1199,50002561,2,"NB","M1 northbound between J11A and J12","M1",false,70,,,,,,,200113959,2001,708,50002561,3,"NB","M1 northbound within J12","M1",false,70,,,,,,,200124638,2001,2370,50000094,2,"SB","M1 southbound between J12 and J11A","M1",false,70,,,,,,,50002562,95,"SB","M1",203709,"2001","SB","J11","Luton",207385,"2001","SB","J11A","Dunstable",200124647,2001,2667,50002562,0,"SB","M1 southbound between J11A and J11","M1",false,70,,,,,,,108023401,2001,543,50002562,1,"SB","M1 southbound within J11","M1",false,70,,,,,,,57.16615,200124666,2001,992,50000011,1,"NB","M1 northbound within J11A","M1",false,70,,,,,,,,,,,,,,,,,,,,,,,,,,,,,,,,,,,,,,,,,,,,,,,,,,,,,,,200124646,2001,1081,50000094,3,"SB","M1 southbound within J11A","M1",false,70,,,,,,,,,,,,,,,,,,,,,,,,
"J12","M1","NB","SB",,50000012,12,"NB","M1",200542,"2001","NB","J13","Milton Keynes",203714,"2001","NB","J12","Flitwick",200113967,2001,9518,50000012,0,"NB","M1 northbound between J12 and J13","M1",false,70,,,,,,,61.45887,50000093,93,"SB","M1",203714,"2001","SB","J12","Flitwick",200542,"2001","SB","J13","Bedford",200117997,2001,9442,50000093,0,"SB","M1 southbound between J13 and J12","M1",false,70,,,,,,,200113966,2001,584,50000093,1,"SB","M1 southbound within J12","M1",false,70,,,,,,,59.68783,,"Flitwick","Flitwick",true,true,false,"13:J12",50002561,11,"NB","M1",203714,"2001","NB","J12","Flitwick",207385,"2001","NB","J11A","Dunstable",200124667,2001,2222,50002561,0,"NB","M1 northbound between J11A and J12","M1",false,70,,,,,,,60.39368,108020301,2001,959,50000012,1,"NB","M1 northbound within J13","M1",false,70,,,,,,,,,,,,,,,,,,,,,,,,,,,,,,,,,,,,,,,,,,,,,,,,,,,,,,,50000094,94,"SB","M1",207385,"2001","SB","J11A","Dunstable",203714,"2001","SB","J12","Flitwick",200113964,2001,1385,50000094,0,"SB","M1 southbound between J12 and J11A","M1",false,70,,,,,,,123018801,2001,348,50000094,1,"SB","M1 southbound at the Toddington services between J12 and J11A","M1",false,70,,,,,,,58.40541,123018601,2001,433,50002561,1,"NB","M1 northbound at the Toddington services between J11A and J12","M1",false,70,,,,,,,200113960,2001,1199,50002561,2,"NB","M1 northbound between J11A and J12","M1",false,70,,,,,,,200113959,2001,708,50002561,3,"NB","M1 northbound within J12","M1",false,70,,,,,,,200124638,2001,2370,50000094,2,"SB","M1 southbound between J12 and J11A","M1",false,70,,,,,,,,,,,,,,,,,,,,,,,200124646,2001,1081,50000094,3,"SB","M1 southbound within J11A","M1",false,70,,,,,,,,
"J13","M1","NB","SB",,50000013,13,"NB","M1",203728,"2001","NB","J14","Milton Keynes",200542,"2001","NB","J13","Milton Keynes",108020101,2001,6564,50000013,0,"NB","M1 northbound between J13 and J14","M1",false,70,,,,,,,63.119213,50000092,92,"SB","M1",200542,"2001","SB","J13","Bedford",203728,"2001","SB","J14","Milton Keynes",108020201,2001,6561,50000092,0,"SB","M1 southbound between J14 and J13","M1",false,70,,,,,,,200118027,2001,928,50000092,1,"SB","M1 southbound within J13","M1",false,70,,,,,,,54.92244,,"Milton Keynes","Bedford",true,true,false,"14:J13",50000012,12,"NB","M1",200542,"2001","NB","J13","Milton Keynes",203714,"2001","NB","J12","Flitwick",200113967,2001,9518,50000012,0,"NB","M1 northbound between J12 and J13","M1",false,70,,,,,,,61.45887,108020001,2001,769,50000013,1,"NB","M1 northbound within J14","M1",false,70,,,,,,,,,,,,,,,,,,,,,,,,,,,,,,,,,,,,,,,,,,,,,,,,,,,,,,,50000093,93,"SB","M1",203714,"2001","SB","J12","Flitwick",200542,"2001","SB","J13","Bedford",200117997,2001,9442,50000093,0,"SB","M1 southbound between J13 and J12","M1",false,70,,,,,,,200113966,2001,584,50000093,1,"SB","M1 southbound within J12","M1",false,70,,,,,,,59.68783,108020301,2001,959,50000012,1,"NB","M1 northbound within J13","M1",false,70,,,,,,,,,,,,,,,,,,,,,,,,,,,,,,,,,,,,,,,,,,,,,,,,,,,,,,,,,,,,,,,,,,,,,,,,,,,,,,,,,,,,,,,,
"J14","M1","NB","SB",,50000014,14,"NB","M1",203744,"2001","NB","J15","Northampton",203728,"2001","NB","J14","Milton Keynes",123017701,2001,3728,50000014,0,"NB","M1 northbound between J14 and J15","M1",false,70,,,,,,,58.112984,50000091,91,"SB","M1",203728,"2001","SB","J14","Milton Keynes",203744,"2001","SB","J15","Northampton",123017901,2001,14905,50000091,0,"SB","M1 southbound between J15 and J14","M1",false,70,,,,,,,123018001,2001,305,50000091,1,"SB","M1 southbound at the Newport Pagnell services between J15 and J14","M1",false,70,,,,,,,58.258785,,"Milton Keynes","Milton Keynes",true,true,false,"15:J14",50000013,13,"NB","M1",203728,"2001","NB","J14","Milton Keynes",200542,"2001","NB","J13","Milton Keynes",108020101,2001,6564,50000013,0,"NB","M1 northbound between J13 and J14","M1",false,70,,,,,,,63.119213,123017801,2001,321,50000014,1,"NB","M1 northbound at the Newport Pagnell services between J14 and J15","M1",false,70,,,,,,,108019502,2001,14850,50000014,2,"NB","M1 northbound between J14 and J15","M1",false,70,,,,,,,108019701,2001,733,50000014,3,"NB","M1 northbound within J15","M1",false,70,,,,,,,108019802,2001,3609,50000091,2,"SB","M1 southbound between J15 and J14","M1",false,70,,,,,,,50000092,92,"SB","M1",200542,"2001","SB","J13","Bedford",203728,"2001","SB","J14","Milton Keynes",108020201,2001,6561,50000092,0,"SB","M1 southbound between J14 and J13","M1",false,70,,,,,,,200118027,2001,928,50000092,1,"SB","M1 southbound within J13","M1",false,70,,,,,,,54.92244,108020001,2001,769,50000013,1,"NB","M1 northbound within J14","M1",false,70,,,,,,,,,,,,,,,,,,,,,,,,,,,,,,,,,,,,,,,,,,,,,,,,,,,,,,,108019901,2001,869,50000091,3,"SB","M1 southbound within J14","M1",false,70,,,,,,,,,,,,,,,,,,,,,,,,
"J15","M1","NB","SB",,50000015,15,"NB","M1",200545,"2001","NB","J15A","Northampton",203744,"2001","NB","J15","Northampton",108019201,2001,3519,50000015,0,"NB","M1 northbound between J15 and J15A","M1",false,70,,,,,,,57.78752,50000090,90,"SB","M1",203744,"2001","SB","J15","Northampton",200545,"2001","SB","J15A","Northampton",108019601,2001,3663,50000090,0,"SB","M1 southbound between J15A and J15","M1",false,70,,,,,,,108019401,2001,704,50000090,1,"SB","M1 southbound within J15","M1",false,70,,,,,,,54.359806,,"Northampton","Northampton",true,true,false,"16:J15",50000014,14,"NB","M1",203744,"2001","NB","J15","Northampton",203728,"2001","NB","J14","Milton Keynes",123017701,2001,3728,50000014,0,"NB","M1 northbound between J14 and J15","M1",false,70,,,,,,,58.112984,108019001,2001,800,50000015,1,"NB","M1 northbound within J15A","M1",false,70,,,,,,,,,,,,,,,,,,,,,,,,,,,,,,,,,,,,,,,,,,,,,,,,,,,,,,,50000091,91,"SB","M1",203728,"2001","SB","J14","Milton Keynes",203744,"2001","SB","J15","Northampton",123017901,2001,14905,50000091,0,"SB","M1 southbound between J15 and J14","M1",false,70,,,,,,,123018001,2001,305,50000091,1,"SB","M1 southbound at the Newport Pagnell services between J15 and J14","M1",false,70,,,,,,,58.258785,123017801,2001,321,50000014,1,"NB","M1 northbound at the Newport Pagnell services between J14 and J15","M1",false,70,,,,,,,108019502,2001,14850,50000014,2,"NB","M1 northbound between J14 and J15","M1",false,70,,,,,,,108019701,2001,733,50000014,3,"NB","M1 northbound within J15","M1",false,70,,,,,,,108019802,2001,3609,50000091,2,"SB","M1 southbound between J15 and J14","M1",false,70,,,,,,,,,,,,,,,,,,,,,,,108019901,2001,869,50000091,3,"SB","M1 southbound within J14","M1",false,70,,,,,,,,
"J15A","M1","NB","SB",,50000016,16,"NB","M1",203750,"2001","NB","J16","Northampton",200545,"2001","NB","J15A","Northampton",108018601,2001,4544,50000016,0,"NB","M1 northbound between J15A and J16","M1",false,70,,,,,,,55.812157,50000089,89,"SB","M1",200545,"2001","SB","J15A","Northampton",203750,"2001","SB","J16","Northampton",108019101,2001,4462,50000089,0,"SB","M1 southbound between J16 and J15A","M1",false,70,,,,,,,108019301,2001,721,50000089,1,"SB","M1 southbound within J15A","M1",false,70,,,,,,,51.660248,,"Northampton","Northampton",true,true,false,"17:J15A",50000015,15,"NB","M1",200545,"2001","NB","J15A","Northampton",203744,"2001","NB","J15","Northampton",108019201,2001,3519,50000015,0,"NB","M1 northbound between J15 and J15A","M1",false,70,,,,,,,57.78752,108018801,2001,991,50000016,1,"NB","M1 northbound within J16","M1",false,70,,,,,,,,,,,,,,,,,,,,,,,,,,,,,,,,,,,,,,,,,,,,,,,,,,,,,,,50000090,90,"SB","M1",203744,"2001","SB","J15","Northampton",200545,"2001","SB","J15A","Northampton",108019601,2001,3663,50000090,0,"SB","M1 southbound between J15A and J15","M1",false,70,,,,,,,108019401,2001,704,50000090,1,"SB","M1 southbound within J15","M1",false,70,,,,,,,54.359806,108019001,2001,800,50000015,1,"NB","M1 northbound within J15A","M1",false,70,,,,,,,,,,,,,,,,,,,,,,,,,,,,,,,,,,,,,,,,,,,,,,,,,,,,,,,,,,,,,,,,,,,,,,,,,,,,,,,,,,,,,,,,
"J16","M1","NB","SB",,50000017,17,"NB","M1",201005,"2001","NB","J17","Coventry",203750,"2001","NB","J16","Northampton",123016901,2001,11017,50000017,0,"NB","M1 northbound between J16 and J17","M1",false,70,,,,,,,66.26452,50000088,88,"SB","M1",203750,"2001","SB","J16","Northampton",201005,"2001","SB","J17","Limited Access",123017101,2001,1819,50000088,0,"SB","M1 southbound between J17 and J16","M1",false,70,,,,,,,123017201,2001,455,50000088,1,"SB","M1 southbound at the Watford Gap services between J17 and J16","M1",false,70,,,,,,,63.949543,,"Northampton","Northampton",true,true,false,"18:J16",50000016,16,"NB","M1",203750,"2001","NB","J16","Northampton",200545,"2001","NB","J15A","Northampton",108018601,2001,4544,50000016,0,"NB","M1 northbound between J15A and J16","M1",false,70,,,,,,,55.812157,123017001,2001,442,50000017,1,"NB","M1 northbound at the Watford Gap services between J16 and J17","M1",false,70,,,,,,,108018102,2001,2185,50000017,2,"NB","M1 northbound between J16 and J17","M1",false,70,,,,,,,,,,,,,,,,,,,,,,,108018902,2001,10992,50000088,2,"SB","M1 southbound between J17 and J16","M1",false,70,,,,,,,50000089,89,"SB","M1",200545,"2001","SB","J15A","Northampton",203750,"2001","SB","J16","Northampton",108019101,2001,4462,50000089,0,"SB","M1 southbound between J16 and J15A","M1",false,70,,,,,,,108019301,2001,721,50000089,1,"SB","M1 southbound within J15A","M1",false,70,,,,,,,51.660248,108018801,2001,991,50000016,1,"NB","M1 northbound within J16","M1",false,70,,,,,,,,,,,,,,,,,,,,,,,,,,,,,,,,,,,,,,,,,,,,,,,,,,,,,,,108018701,2001,1040,50000088,3,"SB","M1 southbound within J16","M1",false,70,,,,,,,,,,,,,,,,,,,,,,,,
"J17","M1","NB","SB",,50000018,18,"NB","M1",200553,"2001","NB","J18","Rugby",201005,"2001","NB","J17","Coventry",108018501,2001,2613,50000018,0,"NB","M1 northbound between J17 and J18","M1",false,70,,,,,,,70,50000087,87,"SB","M1",201005,"2001","SB","J17","Limited Access",200553,"2001","SB","J18","Rugby",108018001,2001,2957,50000087,0,"SB","M1 southbound between J18 and J17","M1",false,70,,,,,,,,,,,,,,,,,,,,,,,70,,"Coventry","Limited Access",true,true,false,"19:J17",50000017,17,"NB","M1",201005,"2001","NB","J17","Coventry",203750,"2001","NB","J16","Northampton",123016901,2001,11017,50000017,0,"NB","M1 northbound between J16 and J17","M1",false,70,,,,,,,66.26452,108018201,2001,831,50000018,1,"NB","M1 northbound within J18","M1",false,70,,,,,,,,,,,,,,,,,,,,,,,,,,,,,,,,,,,,,,,,,,,,,,,,,,,,,,,50000088,88,"SB","M1",203750,"2001","SB","J16","Northampton",201005,"2001","SB","J17","Limited Access",123017101,2001,1819,50000088,0,"SB","M1 southbound between J17 and J16","M1",false,70,,,,,,,123017201,2001,455,50000088,1,"SB","M1 southbound at the Watford Gap services between J17 and J16","M1",false,70,,,,,,,63.949543,123017001,2001,442,50000017,1,"NB","M1 northbound at the Watford Gap services between J16 and J17","M1",false,70,,,,,,,108018102,2001,2185,50000017,2,"NB","M1 northbound between J16 and J17","M1",false,70,,,,,,,,,,,,,,,,,,,,,,,108018902,2001,10992,50000088,2,"SB","M1 southbound between J17 and J16","M1",false,70,,,,,,,,,,,,,,,,,,,,,,,108018701,2001,1040,50000088,3,"SB","M1 southbound within J16","M1",false,70,,,,,,,,
"J18","M1","NB","SB",,50000019,19,"NB","M1",200557,"2001","NB","J19","Birmingham",200553,"2001","NB","J18","Rugby",200122676,2001,4767,50000019,0,"NB","M1 northbound between J18 and J19","M1",false,70,,,,,,,66.410965,50000086,86,"SB","M1",200553,"2001","SB","J18","Rugby",200557,"2001","SB","J19","Birmingham",200122974,2001,485,50000086,0,"SB","M1 southbound between J19 and J18","M1",false,70,,,,,,,200122965,2001,4337,50000086,1,"SB","M1 southbound between J19 and J18","M1",false,70,,,,,,,70,,"Rugby","Rugby",true,true,false,"20:J18",50000018,18,"NB","M1",200553,"2001","NB","J18","Rugby",201005,"2001","NB","J17","Coventry",108018501,2001,2613,50000018,0,"NB","M1 northbound between J17 and J18","M1",false,70,,,,,,,70,200122698,2001,134,50000019,1,"NB","M1 northbound between J18 and J19","M1",false,70,,,,,,,200122699,2001,439,50000019,2,"NB","M1 northbound between J18 and J19","M1",false,70,,,,,,,200122864,2001,919,50000019,3,"NB","M1 northbound within J19","M1",false,70,,,,,,,108018401,2001,834,50000086,2,"SB","M1 southbound within J18","M1",false,70,,,,,,,50000087,87,"SB","M1",201005,"2001","SB","J17","Limited Access",200553,"2001","SB","J18","Rugby",108018001,2001,2957,50000087,0,"SB","M1 southbound between J18 and J17","M1",false,70,,,,,,,,,,,,,,,,,,,,,,,70,108018201,2001,831,50000018,1,"NB","M1 northbound within J18","M1",false,70,,,,,,,,,,,,,,,,,,,,,,,,,,,,,,,,,,,,,,,,,,,,,,,,,,,,,,,,,,,,,,,,,,,,,,,,,,,,,,,,,,,,,,,,
"J19","M1","NB","SB",,50000020,20,"NB","M1",203789,"2001","NB","J20","Lutterworth / Rugby",200557,"2001","NB","J19","Birmingham",107034101,2001,4371,50000020,0,"NB","M1 northbound between J19 and J20","M1",false,70,,,,,,,68.78997,50000085,85,"SB","M1",200557,"2001","SB","J19","Birmingham",203789,"2001","SB","J20","Lutterworth / Rugby",107033501,2001,4449,50000085,0,"SB","M1 southbound between J20 and J19","M1",false,70,,,,,,,200122991,2001,1423,50000085,1,"SB","M1 southbound within J19","M1",false,70,,,,,,,70,,"Birmingham","Birmingham",true,true,false,"21:J19",50000019,19,"NB","M1",200557,"2001","NB","J19","Birmingham",200553,"2001","NB","J18","Rugby",200122676,2001,4767,50000019,0,"NB","M1 northbound between J18 and J19","M1",false,70,,,,,,,66.410965,107034001,2001,938,50000020,1,"NB","M1 northbound within J20","M1",false,70,,,,,,,,,,,,,,,,,,,,,,,,,,,,,,,,,,,,,,,,,,,,,,,,,,,,,,,50000086,86,"SB","M1",200553,"2001","SB","J18","Rugby",200557,"2001","SB","J19","Birmingham",200122974,2001,485,50000086,0,"SB","M1 southbound between J19 and J18","M1",false,70,,,,,,,200122965,2001,4337,50000086,1,"SB","M1 southbound between J19 and J18","M1",false,70,,,,,,,70,200122698,2001,134,50000019,1,"NB","M1 northbound between J18 and J19","M1",false,70,,,,,,,200122699,2001,439,50000019,2,"NB","M1 northbound between J18 and J19","M1",false,70,,,,,,,200122864,2001,919,50000019,3,"NB","M1 northbound within J19","M1",false,70,,,,,,,108018401,2001,834,50000086,2,"SB","M1 southbound within J18","M1",false,70,,,,,,,,,,,,,,,,,,,,,,,,,,,,,,,,,,,,,,,,
"J20","M1","NB","SB",,50000021,21,"NB","M1",200563,"2001","NB","J21","Leicester",203789,"2001","NB","J20","Lutterworth / Rugby",107032401,2001,16225,50000021,0,"NB","M1 northbound between J20 and J21","M1",false,70,,,,,,,67.866394,50000084,84,"SB","M1",203789,"2001","SB","J20","Lutterworth / Rugby",200563,"2001","SB","J21","Leicester",107033901,2001,16242,50000084,0,"SB","M1 southbound between J21 and J20","M1",false,70,,,,,,,107033801,2001,846,50000084,1,"SB","M1 southbound within J20","M1",false,70,,,,,,,70,,"Lutterworth / Rugby","Lutterworth / Rugby",true,true,false,"22:J20",50000020,20,"NB","M1",203789,"2001","NB","J20","Lutterworth / Rugby",200557,"2001","NB","J19","Birmingham",107034101,2001,4371,50000020,0,"NB","M1 northbound between J19 and J20","M1",false,70,,,,,,,68.78997,107032302,2001,946,50000021,1,"NB","M1 northbound within J21","M1",false,70,,,,,,,,,,,,,,,,,,,,,,,,,,,,,,,,,,,,,,,,,,,,,,,,,,,,,,,50000085,85,"SB","M1",200557,"2001","SB","J19","Birmingham",203789,"2001","SB","J20","Lutterworth / Rugby",107033501,2001,4449,50000085,0,"SB","M1 southbound between J20 and J19","M1",false,70,,,,,,,200122991,2001,1423,50000085,1,"SB","M1 southbound within J19","M1",false,70,,,,,,,70,107034001,2001,938,50000020,1,"NB","M1 northbound within J20","M1",false,70,,,,,,,,,,,,,,,,,,,,,,,,,,,,,,,,,,,,,,,,,,,,,,,,,,,,,,,,,,,,,,,,,,,,,,,,,,,,,,,,,,,,,,,,
"J21","M1","NB","SB",,50000022,22,"NB","M1",201014,"2001","NB","J21A","Leicester",200563,"2001","NB","J21","Leicester",123014501,2001,1498,50000022,0,"NB","M1 northbound between J21 and J21A","M1",false,70,,,,,,,65.837524,50000083,83,"SB","M1",200563,"2001","SB","J21","Leicester",201014,"2001","SB","J21A","Limited Access",123014701,2001,2038,50000083,0,"SB","M1 southbound between J21A and J21","M1",false,70,,,,,,,123014801,2001,418,50000083,1,"SB","M1 southbound at the Leicester Forest services between J21A and J21","M1",false,70,,,,,,,64.9627,,"Leicester","Leicester",true,true,false,"23:J21",50000021,21,"NB","M1",200563,"2001","NB","J21","Leicester",203789,"2001","NB","J20","Lutterworth / Rugby",107032401,2001,16225,50000021,0,"NB","M1 northbound between J20 and J21","M1",false,70,,,,,,,67.866394,123014601,2001,483,50000022,1,"NB","M1 northbound at the Leicester Forest services between J21 and J21A","M1",false,70,,,,,,,107016602,2001,1682,50000022,2,"NB","M1 northbound between J21 and J21A","M1",false,70,,,,,,,,,,,,,,,,,,,,,,,107032803,2001,1569,50000083,2,"SB","M1 southbound between J21A and J21","M1",false,70,,,,,,,50000084,84,"SB","M1",203789,"2001","SB","J20","Lutterworth / Rugby",200563,"2001","SB","J21","Leicester",107033901,2001,16242,50000084,0,"SB","M1 southbound between J21 and J20","M1",false,70,,,,,,,107033801,2001,846,50000084,1,"SB","M1 southbound within J20","M1",false,70,,,,,,,70,107032302,2001,946,50000021,1,"NB","M1 northbound within J21","M1",false,70,,,,,,,,,,,,,,,,,,,,,,,,,,,,,,,,,,,,,,,,,,,,,,,,,,,,,,,107032501,2001,941,50000083,3,"SB","M1 southbound within J21","M1",false,70,,,,,,,,,,,,,,,,,,,,,,,,
"J21A","M1","NB","SB",,50000023,23,"NB","M1",203834,"2001","NB","J22","Coalville / Leicester",201014,"2001","NB","J21A","Leicester",107030702,2001,8510,50000023,0,"NB","M1 northbound between J21A and J22","M1",false,70,,,,,,,68.20141,50000082,82,"SB","M1",201014,"2001","SB","J21A","Limited Access",203834,"2001","SB","J22","Leicester",107008102,2001,8114,50000082,0,"SB","M1 southbound between J22 and J21A","M1",false,70,,,,,,,,,,,,,,,,,,,,,,,70,,"Leicester","Limited Access",true,true,false,"24:J21A",50000022,22,"NB","M1",201014,"2001","NB","J21A","Leicester",200563,"2001","NB","J21","Leicester",123014501,2001,1498,50000022,0,"NB","M1 northbound between J21 and J21A","M1",false,70,,,,,,,65.837524,107031001,2001,1163,50000023,1,"NB","M1 northbound within J22","M1",false,70,,,,,,,,,,,,,,,,,,,,,,,,,,,,,,,,,,,,,,,,,,,,,,,,,,,,,,,50000083,83,"SB","M1",200563,"2001","SB","J21","Leicester",201014,"2001","SB","J21A","Limited Access",123014701,2001,2038,50000083,0,"SB","M1 southbound between J21A and J21","M1",false,70,,,,,,,123014801,2001,418,50000083,1,"SB","M1 southbound at the Leicester Forest services between J21A and J21","M1",false,70,,,,,,,64.9627,123014601,2001,483,50000022,1,"NB","M1 northbound at the Leicester Forest services between J21 and J21A","M1",false,70,,,,,,,107016602,2001,1682,50000022,2,"NB","M1 northbound between J21 and J21A","M1",false,70,,,,,,,,,,,,,,,,,,,,,,,107032803,2001,1569,50000083,2,"SB","M1 southbound between J21A and J21","M1",false,70,,,,,,,,,,,,,,,,,,,,,,,107032501,2001,941,50000083,3,"SB","M1 southbound within J21","M1",false,70,,,,,,,,
"J22","M1","NB","SB",,50000024,24,"NB","M1",203846,"2001","NB","J23","Loughborough",203834,"2001","NB","J22","Coalville / Leicester",107030401,2001,6210,50000024,0,"NB","M1 northbound between J22 and J23","M1",false,70,,,,,,,68.07159,50000081,81,"SB","M1",203834,"2001","SB","J22","Leicester",203846,"2001","SB","J23","Loughborough",126024001,2001,5224,50000081,0,"SB","M1 southbound between J23 and J22","M1",false,70,,,,,,,107030802,2001,981,50000081,1,"SB","M1 southbound between J23 and J22","M1",false,70,,,,,,,69.56148,,"Coalville / Leicester","Leicester",true,true,false,"25:J22",50000023,23,"NB","M1",203834,"2001","NB","J22","Coalville / Leicester",201014,"2001","NB","J21A","Leicester",107030702,2001,8510,50000023,0,"NB","M1 northbound between J21A and J22","M1",false,70,,,,,,,68.20141,107030301,2001,786,50000024,1,"NB","M1 northbound within J23","M1",false,70,,,,,,,,,,,,,,,,,,,,,,,,,,,,,,,,,,,,,,,107030901,2001,1228,50000081,2,"SB","M1 southbound within J22","M1",false,70,,,,,,,50000082,82,"SB","M1",201014,"2001","SB","J21A","Limited Access",203834,"2001","SB","J22","Leicester",107008102,2001,8114,50000082,0,"SB","M1 southbound between J22 and J21A","M1",false,70,,,,,,,,,,,,,,,,,,,,,,,70,107031001,2001,1163,50000023,1,"NB","M1 northbound within J22","M1",false,70,,,,,,,,,,,,,,,,,,,,,,,,,,,,,,,,,,,,,,,,,,,,,,,,,,,,,,,,,,,,,,,,,,,,,,,,,,,,,,,,,,,,,,,,
"J23","M1","NB","SB",,50000025,25,"NB","M1",200009,"2001","NB","J23A","Nottingham / East Mids Airport",203846,"2001","NB","J23","Loughborough",107031701,2001,5872,50000025,0,"NB","M1 northbound between J23 and J23A","M1",false,70,,,,,,,69.11328,50000080,80,"SB","M1",203846,"2001","SB","J23","Loughborough",200009,"2001","SB","J23A","Birmingham",107030601,2001,6016,50000080,0,"SB","M1 southbound between J23A and J23","M1",false,70,,,,,,,107030501,2001,782,50000080,1,"SB","M1 southbound within J23","M1",false,70,,,,,,,69.11516,,"Loughborough","Loughborough",true,true,false,"26:J23",50000024,24,"NB","M1",203846,"2001","NB","J23","Loughborough",203834,"2001","NB","J22","Coalville / Leicester",107030401,2001,6210,50000024,0,"NB","M1 northbound between J22 and J23","M1",false,70,,,,,,,68.07159,107031801,2001,752,50000025,1,"NB","M1 northbound within J23A","M1",false,70,,,,,,,,,,,,,,,,,,,,,,,,,,,,,,,,,,,,,,,,,,,,,,,,,,,,,,,50000081,81,"SB","M1",203834,"2001","SB","J22","Leicester",203846,"2001","SB","J23","Loughborough",126024001,2001,5224,50000081,0,"SB","M1 southbound between J23 and J22","M1",false,70,,,,,,,107030802,2001,981,50000081,1,"SB","M1 southbound between J23 and J22","M1",false,70,,,,,,,69.56148,107030301,2001,786,50000024,1,"NB","M1 northbound within J23","M1",false,70,,,,,,,,,,,,,,,,,,,,,,,,,,,,,,,,,,,,,,,107030901,2001,1228,50000081,2,"SB","M1 southbound within J22","M1",false,70,,,,,,,,,,,,,,,,,,,,,,,,,,,,,,,,,,,,,,,,
"J23A","M1","NB","SB",,50000026,26,"NB","M1",200569,"2001","NB","J24","Derby",200009,"2001","NB","J23A","Nottingham / East Mids Airport",107031401,2001,2486,50000026,0,"NB","M1 northbound between J23A and J24","M1",false,70,,,,,,,66.3399,50000079,79,"SB","M1",200009,"2001","SB","J23A","Birmingham",200569,"2001","SB","J24","East Mids Airport / Loughborough",107031501,2001,1971,50000079,0,"SB","M1 southbound between J24 and J23A","M1",false,70,,,,,,,107031601,2001,1118,50000079,1,"SB","M1 southbound within J23A","M1",false,70,,,,,,,68.62903,,"Nottingham / East Mids Airport","Birmingham",true,true,false,"27:J23A",50000025,25,"NB","M1",200009,"2001","NB","J23A","Nottingham / East Mids Airport",203846,"2001","NB","J23","Loughborough",107031701,2001,5872,50000025,0,"NB","M1 northbound between J23 and J23A","M1",false,70,,,,,,,69.11328,107031202,2001,849,50000026,1,"NB","M1 northbound within J24","M1",false,70,,,,,,,,,,,,,,,,,,,,,,,,,,,,,,,,,,,,,,,,,,,,,,,,,,,,,,,50000080,80,"SB","M1",203846,"2001","SB","J23","Loughborough",200009,"2001","SB","J23A","Birmingham",107030601,2001,6016,50000080,0,"SB","M1 southbound between J23A and J23","M1",false,70,,,,,,,107030501,2001,782,50000080,1,"SB","M1 southbound within J23","M1",false,70,,,,,,,69.11516,107031801,2001,752,50000025,1,"NB","M1 northbound within J23A","M1",false,70,,,,,,,,,,,,,,,,,,,,,,,,,,,,,,,,,,,,,,,,,,,,,,,,,,,,,,,,,,,,,,,,,,,,,,,,,,,,,,,,,,,,,,,,
"J24","M1","NB","SB",,50000027,27,"NB","M1",200570,"2001","NB","J24A","Derby",200569,"2001","NB","J24","Derby",107026901,2001,1262,50000027,0,"NB","M1 northbound between J24 and J24A","M1",false,70,,,,,,,64.001236,50000078,78,"SB","M1",200569,"2001","SB","J24","East Mids Airport / Loughborough",200570,"2001","SB","J24A","East Mids Airport / Loughborough",200127310,2001,621,50000078,0,"SB","M1 southbound between J24A and J24","M1",false,70,,,,,,,200127316,2001,622,50000078,1,"SB","M1 southbound between J24A and J24","M1",false,70,,,,,,,70,,"Derby","East Mids Airport / Loughborough",true,true,false,"28:J24",50000026,26,"NB","M1",200569,"2001","NB","J24","Derby",200009,"2001","NB","J23A","Nottingham / East Mids Airport",107031401,2001,2486,50000026,0,"NB","M1 northbound between J23A and J24","M1",false,70,,,,,,,66.3399,,,,,,,,,,,,,,,,,,,,,,,,,,,,,,,,,,,,,,,,,,,,,,,,,107031301,2001,840,50000078,2,"SB","M1 southbound within J24","M1",false,70,,,,,,,50000079,79,"SB","M1",200009,"2001","SB","J23A","Birmingham",200569,"2001","SB","J24","East Mids Airport / Loughborough",107031501,2001,1971,50000079,0,"SB","M1 southbound between J24 and J23A","M1",false,70,,,,,,,107031601,2001,1118,50000079,1,"SB","M1 southbound within J23A","M1",false,70,,,,,,,68.62903,107031202,2001,849,50000026,1,"NB","M1 northbound within J24","M1",false,70,,,,,,,,,,,,,,,,,,,,,,,,,,,,,,,,,,,,,,,,,,,,,,,,,,,,,,,,,,,,,,,,,,,,,,,,,,,,,,,,,,,,,,,,
"J24A","M1","NB","SB",,50000028,28,"NB","M1",200573,"2001","NB","J25","Nottingham / Derby",200570,"2001","NB","J24A","Derby",199017201,2001,6191,50000028,0,"NB","M1 northbound between J24A and J25","M1",false,70,,,,,,,66.99161,50000077,77,"SB","M1",200570,"2001","SB","J24A","East Mids Airport / Loughborough",200573,"2001","SB","J25","Nottingham / Derby",107026401,2001,6262,50000077,0,"SB","M1 southbound between J25 and J24A","M1",false,70,,,,,,,,,,,,,,,,,,,,,,,70,,"Derby","East Mids Airport / Loughborough",true,true,false,"29:J24A",50000027,27,"NB","M1",200570,"2001","NB","J24A","Derby",200569,"2001","NB","J24","Derby",107026901,2001,1262,50000027,0,"NB","M1 northbound between J24 and J24A","M1",false,70,,,,,,,64.001236,199017001,2001,813,50000028,1,"NB","M1 northbound within J25","M1",false,70,,,,,,,,,,,,,,,,,,,,,,,,,,,,,,,,,,,,,,,,,,,,,,,,,,,,,,,50000078,78,"SB","M1",200569,"2001","SB","J24","East Mids Airport / Loughborough",200570,"2001","SB","J24A","East Mids Airport / Loughborough",200127310,2001,621,50000078,0,"SB","M1 southbound between J24A and J24","M1",false,70,,,,,,,200127316,2001,622,50000078,1,"SB","M1 southbound between J24A and J24","M1",false,70,,,,,,,70,,,,,,,,,,,,,,,,,,,,,,,,,,,,,,,,,,,,,,,,,,,,,,,,,107031301,2001,840,50000078,2,"SB","M1 southbound within J24","M1",false,70,,,,,,,,,,,,,,,,,,,,,,,,,,,,,,,,,,,,,,,,
"J25","M1","NB","SB",,50000029,29,"NB","M1",203870,"2001","NB","J26","Nottingham",200573,"2001","NB","J25","Nottingham / Derby",123013701,2001,5190,50000029,0,"NB","M1 northbound between J25 and J26","M1",false,70,,,,,,,69.64025,50000076,76,"SB","M1",200573,"2001","SB","J25","Nottingham / Derby",203870,"2001","SB","J26","Nottingham",123013901,2001,2876,50000076,0,"SB","M1 southbound between J26 and J25","M1",false,70,,,,,,,123014001,2001,467,50000076,1,"SB","M1 southbound at the Trowell services between J26 and J25","M1",false,70,,,,,,,70,,"Nottingham / Derby","Nottingham / Derby",true,true,false,"30:J25",50000028,28,"NB","M1",200573,"2001","NB","J25","Nottingham / Derby",200570,"2001","NB","J24A","Derby",199017201,2001,6191,50000028,0,"NB","M1 northbound between J24A and J25","M1",false,70,,,,,,,66.99161,123013801,2001,435,50000029,1,"NB","M1 northbound at the Trowell services between J25 and J26","M1",false,70,,,,,,,107033002,2001,2991,50000029,2,"NB","M1 northbound between J25 and J26","M1",false,70,,,,,,,107033201,2001,1021,50000029,3,"NB","M1 northbound within J26","M1",false,70,,,,,,,199017102,2001,5240,50000076,2,"SB","M1 southbound between J26 and J25","M1",false,70,,,,,,,50000077,77,"SB","M1",200570,"2001","SB","J24A","East Mids Airport / Loughborough",200573,"2001","SB","J25","Nottingham / Derby",107026401,2001,6262,50000077,0,"SB","M1 southbound between J25 and J24A","M1",false,70,,,,,,,,,,,,,,,,,,,,,,,70,199017001,2001,813,50000028,1,"NB","M1 northbound within J25","M1",false,70,,,,,,,,,,,,,,,,,,,,,,,,,,,,,,,,,,,,,,,,,,,,,,,,,,,,,,,199017301,2001,758,50000076,3,"SB","M1 southbound within J25","M1",false,70,,,,,,,,,,,,,,,,,,,,,,,,
"J26","M1","NB","SB",,50000030,30,"NB","M1",203878,"2001","NB","J27","Mansfield",203870,"2001","NB","J26","Nottingham",107032101,2001,8100,50000030,0,"NB","M1 northbound between J26 and J27","M1",false,70,,,,,,,69.90333,50000075,75,"SB","M1",203870,"2001","SB","J26","Nottingham",203878,"2001","SB","J27","Nottingham / Langley Mill",107033101,2001,8052,50000075,0,"SB","M1 southbound between J27 and J26","M1",false,70,,,,,,,107032901,2001,1057,50000075,1,"SB","M1 southbound within J26","M1",false,70,,,,,,,68.20662,,"Nottingham","Nottingham",true,true,false,"31:J26",50000029,29,"NB","M1",203870,"2001","NB","J26","Nottingham",200573,"2001","NB","J25","Nottingham / Derby",123013701,2001,5190,50000029,0,"NB","M1 northbound between J25 and J26","M1",false,70,,,,,,,69.64025,107031901,2001,903,50000030,1,"NB","M1 northbound within J27","M1",false,70,,,,,,,,,,,,,,,,,,,,,,,,,,,,,,,,,,,,,,,,,,,,,,,,,,,,,,,50000076,76,"SB","M1",200573,"2001","SB","J25","Nottingham / Derby",203870,"2001","SB","J26","Nottingham",123013901,2001,2876,50000076,0,"SB","M1 southbound between J26 and J25","M1",false,70,,,,,,,123014001,2001,467,50000076,1,"SB","M1 southbound at the Trowell services between J26 and J25","M1",false,70,,,,,,,70,123013801,2001,435,50000029,1,"NB","M1 northbound at the Trowell services between J25 and J26","M1",false,70,,,,,,,107033002,2001,2991,50000029,2,"NB","M1 northbound between J25 and J26","M1",false,70,,,,,,,107033201,2001,1021,50000029,3,"NB","M1 northbound within J26","M1",false,70,,,,,,,199017102,2001,5240,50000076,2,"SB","M1 southbound between J26 and J25","M1",false,70,,,,,,,,,,,,,,,,,,,,,,,199017301,2001,758,50000076,3,"SB","M1 southbound within J25","M1",false,70,,,,,,,,
"J27","M1","NB","SB",,50000031,31,"NB","M1",200579,"2001","NB","J28","Mansfield",203878,"2001","NB","J27","Mansfield",114008001,2001,4710,50000031,0,"NB","M1 northbound between J27 and J28","M1",false,70,,,,,,,68.711266,50000074,74,"SB","M1",203878,"2001","SB","J27","Nottingham / Langley Mill",200579,"2001","SB","J28","Mansfield",107032001,2001,4656,50000074,0,"SB","M1 southbound between J28 and J27","M1",false,70,,,,,,,107032202,2001,927,50000074,1,"SB","M1 southbound within J27","M1",false,70,,,,,,,70,,"Mansfield","Nottingham / Langley Mill",true,true,false,"32:J27",50000030,30,"NB","M1",203878,"2001","NB","J27","Mansfield",203870,"2001","NB","J26","Nottingham",107032101,2001,8100,50000030,0,"NB","M1 northbound between J26 and J27","M1",false,70,,,,,,,69.90333,114007901,2001,1129,50000031,1,"NB","M1 northbound within J28","M1",false,70,,,,,,,,,,,,,,,,,,,,,,,,,,,,,,,,,,,,,,,,,,,,,,,,,,,,,,,50000075,75,"SB","M1",203870,"2001","SB","J26","Nottingham",203878,"2001","SB","J27","Nottingham / Langley Mill",107033101,2001,8052,50000075,0,"SB","M1 southbound between J27 and J26","M1",false,70,,,,,,,107032901,2001,1057,50000075,1,"SB","M1 southbound within J26","M1",false,70,,,,,,,68.20662,107031901,2001,903,50000030,1,"NB","M1 northbound within J27","M1",false,70,,,,,,,,,,,,,,,,,,,,,,,,,,,,,,,,,,,,,,,,,,,,,,,,,,,,,,,,,,,,,,,,,,,,,,,,,,,,,,,,,,,,,,,,
"J28","M1","NB","SB",,50000032,32,"NB","M1",203886,"2001","NB","J29","Chesterfield / Mansfield",200579,"2001","NB","J28","Mansfield",123016101,2001,3416,50000032,0,"NB","M1 northbound between J28 and J29","M1",false,70,,,,,,,69.57327,50000073,73,"SB","M1",200579,"2001","SB","J28","Mansfield",203886,"2001","SB","J29","Mansfield / Chesterfield",123016301,2001,6109,50000073,0,"SB","M1 southbound between J29 and J28","M1",false,70,,,,,,,123016401,2001,242,50000073,1,"SB","M1 southbound at the Tibshelf services between J29 and J28","M1",false,70,,,,,,,68.25566,,"Mansfield","Mansfield",true,true,false,"33:J28",50000031,31,"NB","M1",200579,"2001","NB","J28","Mansfield",203878,"2001","NB","J27","Mansfield",114008001,2001,4710,50000031,0,"NB","M1 northbound between J27 and J28","M1",false,70,,,,,,,68.711266,123016201,2001,388,50000032,1,"NB","M1 northbound at the Tibshelf services between J28 and J29","M1",false,70,,,,,,,114008902,2001,6076,50000032,2,"NB","M1 northbound between J28 and J29","M1",false,70,,,,,,,114008401,2001,1018,50000032,3,"NB","M1 northbound within J29","M1",false,70,,,,,,,114008102,2001,3475,50000073,2,"SB","M1 southbound between J29 and J28","M1",false,70,,,,,,,50000074,74,"SB","M1",203878,"2001","SB","J27","Nottingham / Langley Mill",200579,"2001","SB","J28","Mansfield",107032001,2001,4656,50000074,0,"SB","M1 southbound between J28 and J27","M1",false,70,,,,,,,107032202,2001,927,50000074,1,"SB","M1 southbound within J27","M1",false,70,,,,,,,70,114007901,2001,1129,50000031,1,"NB","M1 northbound within J28","M1",false,70,,,,,,,,,,,,,,,,,,,,,,,,,,,,,,,,,,,,,,,,,,,,,,,,,,,,,,,114007801,2001,1255,50000073,3,"SB","M1 southbound within J28","M1",false,70,,,,,,,,,,,,,,,,,,,,,,,,
"J29","M1","NB","SB",,50000033,33,"NB","M1",206857,"2001","NB","J29A","Chesterfield (E) / Bolsover",203886,"2001","NB","J29","Chesterfield / Mansfield",200045918,2001,4253,50000033,0,"NB","M1 northbound between J29 and J29a","M1",false,70,,,,,,,69.0751,50000072,72,"SB","M1",203886,"2001","SB","J29","Mansfield / Chesterfield",206857,"2001","SB","J29A","Chesterfield (E) / Bolsover",200045950,2001,4448,50000072,0,"SB","M1 southbound between J29a and J29","M1",false,70,,,,,,,114008201,2001,1043,50000072,1,"SB","M1 southbound within J29","M1",false,70,,,,,,,68.20158,,"Chesterfield / Mansfield","Mansfield / Chesterfield",true,true,false,"34:J29",50000032,32,"NB","M1",203886,"2001","NB","J29","Chesterfield / Mansfield",200579,"2001","NB","J28","Mansfield",123016101,2001,3416,50000032,0,"NB","M1 northbound between J28 and J29","M1",false,70,,,,,,,69.57327,200045945,2001,1121,50000033,1,"NB","M1 northbound within J29a","M1",false,70,,,,,,,,,,,,,,,,,,,,,,,,,,,,,,,,,,,,,,,,,,,,,,,,,,,,,,,50000073,73,"SB","M1",200579,"2001","SB","J28","Mansfield",203886,"2001","SB","J29","Mansfield / Chesterfield",123016301,2001,6109,50000073,0,"SB","M1 southbound between J29 and J28","M1",false,70,,,,,,,123016401,2001,242,50000073,1,"SB","M1 southbound at the Tibshelf services between J29 and J28","M1",false,70,,,,,,,68.25566,123016201,2001,388,50000032,1,"NB","M1 northbound at the Tibshelf services between J28 and J29","M1",false,70,,,,,,,114008902,2001,6076,50000032,2,"NB","M1 northbound between J28 and J29","M1",false,70,,,,,,,114008401,2001,1018,50000032,3,"NB","M1 northbound within J29","M1",false,70,,,,,,,114008102,2001,3475,50000073,2,"SB","M1 southbound between J29 and J28","M1",false,70,,,,,,,,,,,,,,,,,,,,,,,114007801,2001,1255,50000073,3,"SB","M1 southbound within J28","M1",false,70,,,,,,,,
"J29A","M1","NB","SB",,50000034,34,"NB","M1",203894,"2001","NB","J30","Sheffield",206857,"2001","NB","J29A","Chesterfield (E) / Bolsover",200045946,2001,4226,50000034,0,"NB","M1 northbound between J29a and J30","M1",false,70,,,,,,,67.4517,50000071,71,"SB","M1",206857,"2001","SB","J29A","Chesterfield (E) / Bolsover",203894,"2001","SB","J30","Worksop",200045947,2001,4223,50000071,0,"SB","M1 southbound between J30 and J29a","M1",false,70,,,,,,,200045949,2001,910,50000071,1,"SB","M1 southbound within J29a","M1",false,70,,,,,,,69.66415,,"Chesterfield (E) / Bolsover","Chesterfield (E) / Bolsover",true,true,false,"35:J29A",50000033,33,"NB","M1",206857,"2001","NB","J29A","Chesterfield (E) / Bolsover",203886,"2001","NB","J29","Chesterfield / Mansfield",200045918,2001,4253,50000033,0,"NB","M1 northbound between J29 and J29a","M1",false,70,,,,,,,69.0751,114008701,2001,955,50000034,1,"NB","M1 northbound within J30","M1",false,70,,,,,,,,,,,,,,,,,,,,,,,,,,,,,,,,,,,,,,,,,,,,,,,,,,,,,,,50000072,72,"SB","M1",203886,"2001","SB","J29","Mansfield / Chesterfield",206857,"2001","SB","J29A","Chesterfield (E) / Bolsover",200045950,2001,4448,50000072,0,"SB","M1 southbound between J29a and J29","M1",false,70,,,,,,,114008201,2001,1043,50000072,1,"SB","M1 southbound within J29","M1",false,70,,,,,,,68.20158,200045945,2001,1121,50000033,1,"NB","M1 northbound within J29a","M1",false,70,,,,,,,,,,,,,,,,,,,,,,,,,,,,,,,,,,,,,,,,,,,,,,,,,,,,,,,,,,,,,,,,,,,,,,,,,,,,,,,,,,,,,,,,
"J30","M1","NB","SB",,50000035,35,"NB","M1",203905,"2001","NB","J31","Sheffield",203894,"2001","NB","J30","Sheffield",123015301,2001,2693,50000035,0,"NB","M1 northbound between J30 and J31","M1",false,70,,,,,,,66.67903,50000070,70,"SB","M1",203894,"2001","SB","J30","Worksop",203905,"2001","SB","J31","Worksop",123015501,2001,4524,50000070,0,"SB","M1 southbound between J31 and J30","M1",false,70,,,,,,,123015601,2001,538,50000070,1,"SB","M1 southbound at the Woodall services between J31 and J30","M1",false,70,,,,,,,69.31627,,"Sheffield","Worksop",true,true,false,"36:J30",50000034,34,"NB","M1",203894,"2001","NB","J30","Sheffield",206857,"2001","NB","J29A","Chesterfield (E) / Bolsover",200045946,2001,4226,50000034,0,"NB","M1 northbound between J29a and J30","M1",false,70,,,,,,,67.4517,123015401,2001,510,50000035,1,"NB","M1 northbound at the Woodall services between J30 and J31","M1",false,70,,,,,,,116026402,2001,4515,50000035,2,"NB","M1 northbound between J30 and J31","M1",false,70,,,,,,,116025902,2001,1048,50000035,3,"NB","M1 northbound within J31","M1",false,70,,,,,,,114008802,2001,2642,50000070,2,"SB","M1 southbound between J31 and J30","M1",false,70,,,,,,,50000071,71,"SB","M1",206857,"2001","SB","J29A","Chesterfield (E) / Bolsover",203894,"2001","SB","J30","Worksop",200045947,2001,4223,50000071,0,"SB","M1 southbound between J30 and J29a","M1",false,70,,,,,,,200045949,2001,910,50000071,1,"SB","M1 southbound within J29a","M1",false,70,,,,,,,69.66415,114008701,2001,955,50000034,1,"NB","M1 northbound within J30","M1",false,70,,,,,,,,,,,,,,,,,,,,,,,,,,,,,,,,,,,,,,,,,,,,,,,,,,,,,,,114008501,2001,950,50000070,3,"SB","M1 southbound within J30","M1",false,70,,,,,,,,,,,,,,,,,,,,,,,,
"J31","M1","NB","SB",,50000036,36,"NB","M1",200583,"2001","NB","J32","Doncaster",203905,"2001","NB","J31","Sheffield",116007201,2001,1717,50000036,0,"NB","M1 northbound between J31 and J32","M1",false,70,,,,,,,70,50000069,69,"SB","M1",203905,"2001","SB","J31","Worksop",200583,"2001","SB","J32","Sheffield",116026001,2001,1743,50000069,0,"SB","M1 southbound between J32 and J31","M1",false,70,,,,,,,116026502,2001,1097,50000069,1,"SB","M1 southbound within J31","M1",false,70,,,,,,,67.545456,,"Sheffield","Worksop",true,true,false,"37:J31",50000035,35,"NB","M1",203905,"2001","NB","J31","Sheffield",203894,"2001","NB","J30","Sheffield",123015301,2001,2693,50000035,0,"NB","M1 northbound between J30 and J31","M1",false,70,,,,,,,66.67903,116007501,2001,2511,50000036,1,"NB","M1 northbound within J32","M1",false,70,,,,,,,,,,,,,,,,,,,,,,,,,,,,,,,,,,,,,,,,,,,,,,,,,,,,,,,50000070,70,"SB","M1",203894,"2001","SB","J30","Worksop",203905,"2001","SB","J31","Worksop",123015501,2001,4524,50000070,0,"SB","M1 southbound between J31 and J30","M1",false,70,,,,,,,123015601,2001,538,50000070,1,"SB","M1 southbound at the Woodall services between J31 and J30","M1",false,70,,,,,,,69.31627,123015401,2001,510,50000035,1,"NB","M1 northbound at the Woodall services between J30 and J31","M1",false,70,,,,,,,116026402,2001,4515,50000035,2,"NB","M1 northbound between J30 and J31","M1",false,70,,,,,,,116025902,2001,1048,50000035,3,"NB","M1 northbound within J31","M1",false,70,,,,,,,114008802,2001,2642,50000070,2,"SB","M1 southbound between J31 and J30","M1",false,70,,,,,,,,,,,,,,,,,,,,,,,114008501,2001,950,50000070,3,"SB","M1 southbound within J30","M1",false,70,,,,,,,,
"J32","M1","NB","SB",,50000037,37,"NB","M1",203907,"2001","NB","J33","Sheffield Airport / Rotherham",200583,"2001","NB","J32","Doncaster",116026101,2001,2975,50000037,0,"NB","M1 northbound between J32 and J33","M1",false,70,,,,,,,63.87074,50000068,68,"SB","M1",200583,"2001","SB","J32","Sheffield",203907,"2001","SB","J33","Rotherham",199114001,2001,3438,50000068,0,"SB","M1 southbound between J33 and J32","M1",false,70,,,,,,,116007103,2001,1968,50000068,1,"SB","M1 southbound within J32","M1",false,70,,,,,,,63.382618,,"Doncaster","Sheffield",true,true,false,"38:J32",50000036,36,"NB","M1",200583,"2001","NB","J32","Doncaster",203905,"2001","NB","J31","Sheffield",116007201,2001,1717,50000036,0,"NB","M1 northbound between J31 and J32","M1",false,70,,,,,,,70,116026302,2001,844,50000037,1,"NB","M1 northbound within J33","M1",false,70,,,,,,,,,,,,,,,,,,,,,,,,,,,,,,,,,,,,,,,,,,,,,,,,,,,,,,,50000069,69,"SB","M1",203905,"2001","SB","J31","Worksop",200583,"2001","SB","J32","Sheffield",116026001,2001,1743,50000069,0,"SB","M1 southbound between J32 and J31","M1",false,70,,,,,,,116026502,2001,1097,50000069,1,"SB","M1 southbound within J31","M1",false,70,,,,,,,67.545456,116007501,2001,2511,50000036,1,"NB","M1 northbound within J32","M1",false,70,,,,,,,,,,,,,,,,,,,,,,,,,,,,,,,,,,,,,,,,,,,,,,,,,,,,,,,,,,,,,,,,,,,,,,,,,,,,,,,,,,,,,,,,
"J33","M1","NB","SB",,50000038,38,"NB","M1",203914,"2001","NB","J34","Sheffield / Rotherham",203907,"2001","NB","J33","Sheffield Airport / Rotherham",200126433,2001,2531,50000038,0,"NB","M1 northbound between J33 and J34","M1",false,70,,,,,,,59.13321,50000067,67,"SB","M1",203907,"2001","SB","J33","Rotherham",203914,"2001","SB","J34","Sheffield / Rotherham",116026801,2001,3286,50000067,0,"SB","M1 southbound between J34 and J33","M1",false,70,,,,,,,116026202,2001,824,50000067,1,"SB","M1 southbound within J33","M1",false,70,,,,,,,59.030262,,"Sheffield Airport / Rotherham","Rotherham",true,true,false,"39:J33",50000037,37,"NB","M1",203907,"2001","NB","J33","Sheffield Airport / Rotherham",200583,"2001","NB","J32","Doncaster",116026101,2001,2975,50000037,0,"NB","M1 northbound between J32 and J33","M1",false,70,,,,,,,63.87074,200126434,2001,708,50000038,1,"NB","M1 northbound between J33 and J34","M1",false,70,,,,,,,116025702,2001,2121,50000038,2,"NB","M1 northbound within J34","M1",false,70,,,,,,,,,,,,,,,,,,,,,,,,,,,,,,,,,,,,,,,50000068,68,"SB","M1",200583,"2001","SB","J32","Sheffield",203907,"2001","SB","J33","Rotherham",199114001,2001,3438,50000068,0,"SB","M1 southbound between J33 and J32","M1",false,70,,,,,,,116007103,2001,1968,50000068,1,"SB","M1 southbound within J32","M1",false,70,,,,,,,63.382618,116026302,2001,844,50000037,1,"NB","M1 northbound within J33","M1",false,70,,,,,,,,,,,,,,,,,,,,,,,,,,,,,,,,,,,,,,,,,,,,,,,,,,,,,,,,,,,,,,,,,,,,,,,,,,,,,,,,,,,,,,,,
"J34","M1","NB","SB",,50000039,39,"NB","M1",203922,"2001","NB","J35","Sheffield / Rotherham",203914,"2001","NB","J34","Sheffield / Rotherham",116025801,2001,3452,50000039,0,"NB","M1 northbound between J34 and J35","M1",false,70,,,,,,,66.62477,50000066,66,"SB","M1",203914,"2001","SB","J34","Sheffield / Rotherham",203922,"2001","SB","J35","Sheffield / Rotherham",116025601,2001,3576,50000066,0,"SB","M1 southbound between J35 and J34","M1",false,70,,,,,,,116026602,2001,2122,50000066,1,"SB","M1 southbound within J34","M1",false,70,,,,,,,67.81517,,"Sheffield / Rotherham","Sheffield / Rotherham",true,true,false,"40:J34",50000038,38,"NB","M1",203914,"2001","NB","J34","Sheffield / Rotherham",203907,"2001","NB","J33","Sheffield Airport / Rotherham",200126433,2001,2531,50000038,0,"NB","M1 northbound between J33 and J34","M1",false,70,,,,,,,59.13321,116025202,2001,986,50000039,1,"NB","M1 northbound within J35","M1",false,70,,,,,,,,,,,,,,,,,,,,,,,,,,,,,,,,,,,,,,,,,,,,,,,,,,,,,,,50000067,67,"SB","M1",203907,"2001","SB","J33","Rotherham",203914,"2001","SB","J34","Sheffield / Rotherham",116026801,2001,3286,50000067,0,"SB","M1 southbound between J34 and J33","M1",false,70,,,,,,,116026202,2001,824,50000067,1,"SB","M1 southbound within J33","M1",false,70,,,,,,,59.030262,200126434,2001,708,50000038,1,"NB","M1 northbound between J33 and J34","M1",false,70,,,,,,,116025702,2001,2121,50000038,2,"NB","M1 northbound within J34","M1",false,70,,,,,,,,,,,,,,,,,,,,,,,,,,,,,,,,,,,,,,,,,,,,,,,,,,,,,,,,,,,,,,,,,,,,,,,,
"J35","M1","NB","SB",,50000040,40,"NB","M1",201008,"2001","NB","J35A","Chapeltown",203922,"2001","NB","J35","Sheffield / Rotherham",116025101,2001,1987,50000040,0,"NB","M1 northbound between J35 and J35A","M1",false,70,,,,,,,64.001236,50000065,65,"SB","M1",203922,"2001","SB","J35","Sheffield / Rotherham",201008,"2001","SB","J35A","Limited Access",116024901,2001,1883,50000065,0,"SB","M1 southbound between J35A and J35","M1",false,70,,,,,,,116025002,2001,1117,50000065,1,"SB","M1 southbound within J35","M1",false,70,,,,,,,70,,"Sheffield / Rotherham","Sheffield / Rotherham",true,true,false,"41:J35",50000039,39,"NB","M1",203922,"2001","NB","J35","Sheffield / Rotherham",203914,"2001","NB","J34","Sheffield / Rotherham",116025801,2001,3452,50000039,0,"NB","M1 northbound between J34 and J35","M1",false,70,,,,,,,66.62477,,,,,,,,,,,,,,,,,,,,,,,,,,,,,,,,,,,,,,,,,,,,,,,,,,,,,,,,,,,,,,,,,50000066,66,"SB","M1",203914,"2001","SB","J34","Sheffield / Rotherham",203922,"2001","SB","J35","Sheffield / Rotherham",116025601,2001,3576,50000066,0,"SB","M1 southbound between J35 and J34","M1",false,70,,,,,,,116026602,2001,2122,50000066,1,"SB","M1 southbound within J34","M1",false,70,,,,,,,67.81517,116025202,2001,986,50000039,1,"NB","M1 northbound within J35","M1",false,70,,,,,,,,,,,,,,,,,,,,,,,,,,,,,,,,,,,,,,,,,,,,,,,,,,,,,,,,,,,,,,,,,,,,,,,,,,,,,,,,,,,,,,,,
"J35A","M1","NB","SB",,50000041,41,"NB","M1",200592,"2001","NB","J36","Barnsley",201008,"2001","NB","J35A","Chapeltown",116025401,2001,2282,50000041,0,"NB","M1 northbound between J35A and J36","M1",false,70,,,,,,,68.03159,50000064,64,"SB","M1",201008,"2001","SB","J35A","Limited Access",200592,"2001","SB","J36","Hoyland",116025302,2001,2152,50000064,0,"SB","M1 southbound between J36 and J35A","M1",false,70,,,,,,,,,,,,,,,,,,,,,,,68.9722,,"Chapeltown","Limited Access",true,true,false,"42:J35A",50000040,40,"NB","M1",201008,"2001","NB","J35A","Chapeltown",203922,"2001","NB","J35","Sheffield / Rotherham",116025101,2001,1987,50000040,0,"NB","M1 northbound between J35 and J35A","M1",false,70,,,,,,,64.001236,116019202,2001,733,50000041,1,"NB","M1 northbound within J36","M1",false,70,,,,,,,,,,,,,,,,,,,,,,,,,,,,,,,,,,,,,,,,,,,,,,,,,,,,,,,50000065,65,"SB","M1",203922,"2001","SB","J35","Sheffield / Rotherham",201008,"2001","SB","J35A","Limited Access",116024901,2001,1883,50000065,0,"SB","M1 southbound between J35A and J35","M1",false,70,,,,,,,116025002,2001,1117,50000065,1,"SB","M1 southbound within J35","M1",false,70,,,,,,,70,,,,,,,,,,,,,,,,,,,,,,,,,,,,,,,,,,,,,,,,,,,,,,,,,,,,,,,,,,,,,,,,,,,,,,,,,,,,,,,,,,,,,,,,,,,,,,,,,,
"J36","M1","NB","SB",,50000042,42,"NB","M1",203945,"2001","NB","J37","Barnsley",200592,"2001","NB","J36","Barnsley",116018901,2001,5382,50000042,0,"NB","M1 northbound between J36 and J37","M1",false,70,,,,,,,67.72946,50000063,63,"SB","M1",200592,"2001","SB","J36","Hoyland",203945,"2001","SB","J37","Barnsley",116019101,2001,5294,50000063,0,"SB","M1 southbound between J37 and J36","M1",false,70,,,,,,,116025502,2001,790,50000063,1,"SB","M1 southbound within J36","M1",false,70,,,,,,,68.9722,,"Barnsley","Hoyland",true,true,false,"43:J36",50000041,41,"NB","M1",200592,"2001","NB","J36","Barnsley",201008,"2001","NB","J35A","Chapeltown",116025401,2001,2282,50000041,0,"NB","M1 northbound between J35A and J36","M1",false,70,,,,,,,68.03159,116018802,2001,1537,50000042,1,"NB","M1 northbound within J37","M1",false,70,,,,,,,,,,,,,,,,,,,,,,,,,,,,,,,,,,,,,,,,,,,,,,,,,,,,,,,50000064,64,"SB","M1",201008,"2001","SB","J35A","Limited Access",200592,"2001","SB","J36","Hoyland",116025302,2001,2152,50000064,0,"SB","M1 southbound between J36 and J35A","M1",false,70,,,,,,,,,,,,,,,,,,,,,,,68.9722,116019202,2001,733,50000041,1,"NB","M1 northbound within J36","M1",false,70,,,,,,,,,,,,,,,,,,,,,,,,,,,,,,,,,,,,,,,,,,,,,,,,,,,,,,,,,,,,,,,,,,,,,,,,,,,,,,,,,,,,,,,,
"J37","M1","NB","SB",,50000043,43,"NB","M1",203955,"2001","NB","J38","Huddersfield",203945,"2001","NB","J37","Barnsley",116018101,2001,6022,50000043,0,"NB","M1 northbound between J37 and J38","M1",false,70,,,,,,,69.234245,50000062,62,"SB","M1",203945,"2001","SB","J37","Barnsley",203955,"2001","SB","J38","Barnsley",116018701,2001,5878,50000062,0,"SB","M1 southbound between J38 and J37","M1",false,70,,,,,,,116019002,2001,1682,50000062,1,"SB","M1 southbound within J37","M1",false,70,,,,,,,68.90382,,"Barnsley","Barnsley",true,true,false,"44:J37",50000042,42,"NB","M1",203945,"2001","NB","J37","Barnsley",200592,"2001","NB","J36","Barnsley",116018901,2001,5382,50000042,0,"NB","M1 northbound between J36 and J37","M1",false,70,,,,,,,67.72946,116017902,2001,985,50000043,1,"NB","M1 northbound within J38","M1",false,70,,,,,,,,,,,,,,,,,,,,,,,,,,,,,,,,,,,,,,,,,,,,,,,,,,,,,,,50000063,63,"SB","M1",200592,"2001","SB","J36","Hoyland",203945,"2001","SB","J37","Barnsley",116019101,2001,5294,50000063,0,"SB","M1 southbound between J37 and J36","M1",false,70,,,,,,,116025502,2001,790,50000063,1,"SB","M1 southbound within J36","M1",false,70,,,,,,,68.9722,116018802,2001,1537,50000042,1,"NB","M1 northbound within J37","M1",false,70,,,,,,,,,,,,,,,,,,,,,,,,,,,,,,,,,,,,,,,,,,,,,,,,,,,,,,,,,,,,,,,,,,,,,,,,,,,,,,,,,,,,,,,,
"J38","M1","NB","SB",,50000044,44,"NB","M1",203962,"2001","NB","J39","Wakefield",203955,"2001","NB","J38","Huddersfield",123029101,2001,1017,50000044,0,"NB","M1 northbound between J38 and J39","M1",false,70,,,,,,,70,50000061,61,"SB","M1",203955,"2001","SB","J38","Barnsley",203962,"2001","SB","J39","Wakefield",123029301,2001,2130,50000061,0,"SB","M1 southbound between J39 and J38","M1",false,70,,,,,,,123029401,2001,1303,50000061,1,"SB","M1 southbound at the Woolley Edge services between J39 and J38","M1",false,70,,,,,,,69.717575,,"Huddersfield","Barnsley",true,true,false,"45:J38",50000043,43,"NB","M1",203955,"2001","NB","J38","Huddersfield",203945,"2001","NB","J37","Barnsley",116018101,2001,6022,50000043,0,"NB","M1 northbound between J37 and J38","M1",false,70,,,,,,,69.234245,123029201,2001,1464,50000044,1,"NB","M1 northbound at the Woolley Edge services between J38 and J39","M1",false,70,,,,,,,116019602,2001,1812,50000044,2,"NB","M1 northbound between J38 and J39","M1",false,70,,,,,,,116019402,2001,1016,50000044,3,"NB","M1 northbound within J39","M1",false,70,,,,,,,116018002,2001,1019,50000061,2,"SB","M1 southbound between J39 and J38","M1",false,70,,,,,,,50000062,62,"SB","M1",203945,"2001","SB","J37","Barnsley",203955,"2001","SB","J38","Barnsley",116018701,2001,5878,50000062,0,"SB","M1 southbound between J38 and J37","M1",false,70,,,,,,,116019002,2001,1682,50000062,1,"SB","M1 southbound within J37","M1",false,70,,,,,,,68.90382,116017902,2001,985,50000043,1,"NB","M1 northbound within J38","M1",false,70,,,,,,,,,,,,,,,,,,,,,,,,,,,,,,,,,,,,,,,,,,,,,,,,,,,,,,,116018202,2001,970,50000061,3,"SB","M1 southbound within J38","M1",false,70,,,,,,,,,,,,,,,,,,,,,,,,
"J39","M1","NB","SB",,50000045,45,"NB","M1",203965,"2001","NB","J40","Dewsbury / Wakefield",203962,"2001","NB","J39","Wakefield",116018301,2001,3576,50000045,0,"NB","M1 northbound between J39 and J40","M1",false,70,,,,,,,68.972206,50000060,60,"SB","M1",203962,"2001","SB","J39","Wakefield",203965,"2001","SB","J40","Wakefield / Dewsbury",116019501,2001,3368,50000060,0,"SB","M1 southbound between J40 and J39","M1",false,70,,,,,,,116019302,2001,1052,50000060,1,"SB","M1 southbound within J39","M1",false,70,,,,,,,68.32103,,"Wakefield","Wakefield",true,true,false,"46:J39",50000044,44,"NB","M1",203962,"2001","NB","J39","Wakefield",203955,"2001","NB","J38","Huddersfield",123029101,2001,1017,50000044,0,"NB","M1 northbound between J38 and J39","M1",false,70,,,,,,,70,116018502,2001,894,50000045,1,"NB","M1 northbound within J40","M1",false,70,,,,,,,,,,,,,,,,,,,,,,,,,,,,,,,,,,,,,,,,,,,,,,,,,,,,,,,50000061,61,"SB","M1",203955,"2001","SB","J38","Barnsley",203962,"2001","SB","J39","Wakefield",123029301,2001,2130,50000061,0,"SB","M1 southbound between J39 and J38","M1",false,70,,,,,,,123029401,2001,1303,50000061,1,"SB","M1 southbound at the Woolley Edge services between J39 and J38","M1",false,70,,,,,,,69.717575,123029201,2001,1464,50000044,1,"NB","M1 northbound at the Woolley Edge services between J38 and J39","M1",false,70,,,,,,,116019602,2001,1812,50000044,2,"NB","M1 northbound between J38 and J39","M1",false,70,,,,,,,116019402,2001,1016,50000044,3,"NB","M1 northbound within J39","M1",false,70,,,,,,,116018002,2001,1019,50000061,2,"SB","M1 southbound between J39 and J38","M1",false,70,,,,,,,,,,,,,,,,,,,,,,,116018202,2001,970,50000061,3,"SB","M1 southbound within J38","M1",false,70,,,,,,,,
"J40","M1","NB","SB",,50000046,46,"NB","M1",203976,"2001","NB","J41","Wakefield",203965,"2001","NB","J40","Dewsbury / Wakefield",116023201,2001,3172,50000046,0,"NB","M1 northbound between J40 and J41","M1",false,70,,,,,,,68.01051,50000059,59,"SB","M1",203965,"2001","SB","J40","Wakefield / Dewsbury",203976,"2001","SB","J41","Wakefield / Morley",116018401,2001,3091,50000059,0,"SB","M1 southbound between J41 and J40","M1",false,70,,,,,,,116018602,2001,894,50000059,1,"SB","M1 southbound within J40","M1",false,70,,,,,,,67.72946,,"Dewsbury / Wakefield","Wakefield / Dewsbury",true,true,false,"47:J40",50000045,45,"NB","M1",203965,"2001","NB","J40","Dewsbury / Wakefield",203962,"2001","NB","J39","Wakefield",116018301,2001,3576,50000045,0,"NB","M1 northbound between J39 and J40","M1",false,70,,,,,,,68.972206,116023002,2001,927,50000046,1,"NB","M1 northbound within J41","M1",false,70,,,,,,,,,,,,,,,,,,,,,,,,,,,,,,,,,,,,,,,,,,,,,,,,,,,,,,,50000060,60,"SB","M1",203962,"2001","SB","J39","Wakefield",203965,"2001","SB","J40","Wakefield / Dewsbury",116019501,2001,3368,50000060,0,"SB","M1 southbound between J40 and J39","M1",false,70,,,,,,,116019302,2001,1052,50000060,1,"SB","M1 southbound within J39","M1",false,70,,,,,,,68.32103,116018502,2001,894,50000045,1,"NB","M1 northbound within J40","M1",false,70,,,,,,,,,,,,,,,,,,,,,,,,,,,,,,,,,,,,,,,,,,,,,,,,,,,,,,,,,,,,,,,,,,,,,,,,,,,,,,,,,,,,,,,,
"J41","M1","NB","SB",,50000047,47,"NB","M1",200602,"2001","NB","J42","Manchester / Hull",203976,"2001","NB","J41","Wakefield",116019701,2001,1245,50000047,0,"NB","M1 northbound between J41 and J42","M1",false,70,,,,,,,65.6523,50000058,58,"SB","M1",203976,"2001","SB","J41","Wakefield / Morley",200602,"2001","SB","J42","Manchester / Hull",116023101,2001,1195,50000058,0,"SB","M1 southbound between J42 and J41","M1",false,70,,,,,,,116023302,2001,1036,50000058,1,"SB","M1 southbound within J41","M1",false,70,,,,,,,69.549286,,"Wakefield","Wakefield / Morley",true,true,false,"48:J41",50000046,46,"NB","M1",203976,"2001","NB","J41","Wakefield",203965,"2001","NB","J40","Dewsbury / Wakefield",116023201,2001,3172,50000046,0,"NB","M1 northbound between J40 and J41","M1",false,70,,,,,,,68.01051,116021501,2001,1412,50000047,1,"NB","M1 northbound within J42","M1",false,70,,,,,,,,,,,,,,,,,,,,,,,,,,,,,,,,,,,,,,,,,,,,,,,,,,,,,,,50000059,59,"SB","M1",203965,"2001","SB","J40","Wakefield / Dewsbury",203976,"2001","SB","J41","Wakefield / Morley",116018401,2001,3091,50000059,0,"SB","M1 southbound between J41 and J40","M1",false,70,,,,,,,116018602,2001,894,50000059,1,"SB","M1 southbound within J40","M1",false,70,,,,,,,67.72946,116023002,2001,927,50000046,1,"NB","M1 northbound within J41","M1",false,70,,,,,,,,,,,,,,,,,,,,,,,,,,,,,,,,,,,,,,,,,,,,,,,,,,,,,,,,,,,,,,,,,,,,,,,,,,,,,,,,,,,,,,,,
"J42","M1","NB","SB",,50000048,48,"NB","M1",200003,"2001","NB","J43|44","Leeds",200602,"2001","NB","J42","Manchester / Hull",116021801,2001,1306,50000048,0,"NB","M1 northbound between J42 and J43","M1",false,70,,,,,,,62.72757,50000057,57,"SB","M1",200602,"2001","SB","J42","Manchester / Hull",200003,"2001","SB","J43|44","Limited Access",116021701,2001,1404,50000057,0,"SB","M1 southbound between J43 and J42","M1",false,70,,,,,,,116019802,2001,1922,50000057,1,"SB","M1 southbound within J42","M1",false,70,,,,,,,70,,"Manchester / Hull","Manchester / Hull",true,true,false,"49:J42",50000047,47,"NB","M1",200602,"2001","NB","J42","Manchester / Hull",203976,"2001","NB","J41","Wakefield",116019701,2001,1245,50000047,0,"NB","M1 northbound between J41 and J42","M1",false,70,,,,,,,65.6523,116021601,2001,2210,50000048,1,"NB","M1 northbound between J43 and J44","M1",false,70,,,,,,,116022102,2001,825,50000048,2,"NB","M1 northbound within J44","M1",false,70,,,,,,,,,,,,,,,,,,,,,,,,,,,,,,,,,,,,,,,50000058,58,"SB","M1",203976,"2001","SB","J41","Wakefield / Morley",200602,"2001","SB","J42","Manchester / Hull",116023101,2001,1195,50000058,0,"SB","M1 southbound between J42 and J41","M1",false,70,,,,,,,116023302,2001,1036,50000058,1,"SB","M1 southbound within J41","M1",false,70,,,,,,,69.549286,116021501,2001,1412,50000047,1,"NB","M1 northbound within J42","M1",false,70,,,,,,,,,,,,,,,,,,,,,,,,,,,,,,,,,,,,,,,,,,,,,,,,,,,,,,,,,,,,,,,,,,,,,,,,,,,,,,,,,,,,,,,,
"J43|44","M1","NB","SB",,50000049,49,"NB","M1",203994,"2001","NB","J45","Limited Access",200003,"2001","NB","J43|44","Leeds",116024201,2001,1119,50000049,0,"NB","M1 northbound between J44 and J45","M1",false,70,,,,,,,65.822754,50000056,56,"SB","M1",200003,"2001","SB","J43|44","Limited Access",203994,"2001","SB","J45","Limited Access",116022801,2001,1135,50000056,0,"SB","M1 southbound between J45 and J44","M1",false,70,,,,,,,116022002,2001,834,50000056,1,"SB","M1 southbound within J44","M1",false,70,,,,,,,68.701294,,"Leeds","Limited Access",true,true,false,"50:J43|44",50000048,48,"NB","M1",200003,"2001","NB","J43|44","Leeds",200602,"2001","NB","J42","Manchester / Hull",116021801,2001,1306,50000048,0,"NB","M1 northbound between J42 and J43","M1",false,70,,,,,,,62.72757,116023902,2001,1069,50000049,1,"NB","M1 northbound within J45","M1",false,70,,,,,,,,,,,,,,,,,,,,,,,,,,,,,,,,,,,,,,,116021902,2001,1577,50000056,2,"SB","M1 southbound between J44 and J43","M1",false,70,,,,,,,50000057,57,"SB","M1",200602,"2001","SB","J42","Manchester / Hull",200003,"2001","SB","J43|44","Limited Access",116021701,2001,1404,50000057,0,"SB","M1 southbound between J43 and J42","M1",false,70,,,,,,,116019802,2001,1922,50000057,1,"SB","M1 southbound within J42","M1",false,70,,,,,,,70,116021601,2001,2210,50000048,1,"NB","M1 northbound between J43 and J44","M1",false,70,,,,,,,116022102,2001,825,50000048,2,"NB","M1 northbound within J44","M1",false,70,,,,,,,,,,,,,,,,,,,,,,,,,,,,,,,,,,,,,,,,,,,,,,,,,,,,,,,,,,,,,,,,,,,,,,,,
"J45","M1","NB","SB",,50001025,50,"NB","M1",203998,"2001","NB","J46","Leeds",203994,"2001","NB","J45","Limited Access",116023701,2001,3329,50001025,0,"NB","M1 northbound between J45 and J46","M1",false,70,,,,,,,68.9722,50000055,55,"SB","M1",203994,"2001","SB","J45","Limited Access",203998,"2001","SB","J46","Leeds / Garforth",116023801,2001,3278,50000055,0,"SB","M1 southbound between J46 and J45","M1",false,70,,,,,,,116024101,2001,1132,50000055,1,"SB","M1 southbound within J45","M1",false,70,,,,,,,67.14134,,"Limited Access","Limited Access",true,true,false,"51:J45",50000049,49,"NB","M1",203994,"2001","NB","J45","Limited Access",200003,"2001","NB","J43|44","Leeds",116024201,2001,1119,50000049,0,"NB","M1 northbound between J44 and J45","M1",false,70,,,,,,,65.822754,,,,,,,,,,,,,,,,,,,,,,,,,,,,,,,,,,,,,,,,,,,,,,,,,,,,,,,,,,,,,,,,,50000056,56,"SB","M1",200003,"2001","SB","J43|44","Limited Access",203994,"2001","SB","J45","Limited Access",116022801,2001,1135,50000056,0,"SB","M1 southbound between J45 and J44","M1",false,70,,,,,,,116022002,2001,834,50000056,1,"SB","M1 southbound within J44","M1",false,70,,,,,,,68.701294,116023902,2001,1069,50000049,1,"NB","M1 northbound within J45","M1",false,70,,,,,,,,,,,,,,,,,,,,,,,,,,,,,,,,,,,,,,,116021902,2001,1577,50000056,2,"SB","M1 southbound between J44 and J43","M1",false,70,,,,,,,,,,,,,,,,,,,,,,,,,,,,,,,,,,,,,,,,
"J46","M1","NB","SB",,50001026,51,"NB","M1",203999,"2001","NB","J47","Garforth / A1(M) Interchange",203998,"2001","NB","J46","Leeds",200109359,2001,1755,50001026,0,"NB","M1 northbound within J46","M1",false,70,,,,,,,65.99433,50001027,54,"SB","M1",203998,"2001","SB","J46","Leeds / Garforth",203999,"2001","SB","J47","Garforth / A1(M) Interchange",200109149,2001,3245,50001027,0,"SB","M1 southbound between J47 and J46","M1",false,70,,,,,,,200109375,2001,1628,50001027,1,"SB","M1 southbound within J46","M1",false,70,,,,,,,69.38738,,"Leeds","Leeds / Garforth",true,true,false,"52:J46",50001025,50,"NB","M1",203998,"2001","NB","J46","Leeds",203994,"2001","NB","J45","Limited Access",116023701,2001,3329,50001025,0,"NB","M1 northbound between J45 and J46","M1",false,70,,,,,,,68.9722,200109152,2001,3162,50001026,1,"NB","M1 northbound between J46 and J47","M1",false,70,,,,,,,116024502,2001,994,50001026,2,"NB","M1 northbound within J47","M1",false,70,,,,,,,,,,,,,,,,,,,,,,,,,,,,,,,,,,,,,,,50000055,55,"SB","M1",203994,"2001","SB","J45","Limited Access",203998,"2001","SB","J46","Leeds / Garforth",116023801,2001,3278,50000055,0,"SB","M1 southbound between J46 and J45","M1",false,70,,,,,,,116024101,2001,1132,50000055,1,"SB","M1 southbound within J45","M1",false,70,,,,,,,67.14134,,,,,,,,,,,,,,,,,,,,,,,,,,,,,,,,,,,,,,,,,,,,,,,,,,,,,,,,,,,,,,,,,,,,,,,,,,,,,,,,,,,,,,,,,,,,,,,,,,
"J47","M1","NB","SB",,50000052,52,"NB","M1",201010,"2001","NB","J48","A1 (M) Interchange",203999,"2001","NB","J47","Garforth / A1(M) Interchange",116024401,2001,2541,50000052,0,"NB","M1 northbound between J47 and J48","M1",false,70,,,,,,,70,50000053,53,"SB","M1",203999,"2001","SB","J47","Garforth / A1(M) Interchange",201010,"2001","SB","J48","A1 (M) Interchange",116024601,2001,1613,50000053,0,"SB","M1 southbound between J48 and J47","M1",false,70,,,,,,,116024702,2001,938,50000053,1,"SB","M1 southbound within J47","M1",false,70,,,,,,,70,,"Garforth / A1(M) Interchange","Garforth / A1(M) Interchange",true,true,false,"53:J47",50001026,51,"NB","M1",203999,"2001","NB","J47","Garforth / A1(M) Interchange",203998,"2001","NB","J46","Leeds",200109359,2001,1755,50001026,0,"NB","M1 northbound within J46","M1",false,70,,,,,,,65.99433,,,,,,,,,,,,,,,,,,,,,,,,,,,,,,,,,,,,,,,,,,,,,,,,,,,,,,,,,,,,,,,,,50001027,54,"SB","M1",203998,"2001","SB","J46","Leeds / Garforth",203999,"2001","SB","J47","Garforth / A1(M) Interchange",200109149,2001,3245,50001027,0,"SB","M1 southbound between J47 and J46","M1",false,70,,,,,,,200109375,2001,1628,50001027,1,"SB","M1 southbound within J46","M1",false,70,,,,,,,69.38738,200109152,2001,3162,50001026,1,"NB","M1 northbound between J46 and J47","M1",false,70,,,,,,,116024502,2001,994,50001026,2,"NB","M1 northbound within J47","M1",false,70,,,,,,,,,,,,,,,,,,,,,,,,,,,,,,,,,,,,,,,,,,,,,,,,,,,,,,,,,,,,,,,,,,,,,,,,
"J48","M1","NB","SB",,,,,,,,,,,,,,,,,,,,,,,,,,,,,,,,,,,,,,,,,,,,,,,,,,,,,,,,,,,,,,,,,,,,,,,,,,,,,,,,,"A1 (M) Interchange","A1 (M) Interchange",true,true,false,"54:J48",50000052,52,"NB","M1",201010,"2001","NB","J48","A1 (M) Interchange",203999,"2001","NB","J47","Garforth / A1(M) Interchange",116024401,2001,2541,50000052,0,"NB","M1 northbound between J47 and J48","M1",false,70,,,,,,,70,,,,,,,,,,,,,,,,,,,,,,,,,,,,,,,,,,,,,,,,,,,,,,,,,,,,,,,,,,,,,,,,,50000053,53,"SB","M1",203999,"2001","SB","J47","Garforth / A1(M) Interchange",201010,"2001","SB","J48","A1 (M) Interchange",116024601,2001,1613,50000053,0,"SB","M1 southbound between J48 and J47","M1",false,70,,,,,,,116024702,2001,938,50000053,1,"SB","M1 southbound within J47","M1",false,70,,,,,,,70,,,,,,,,,,,,,,,,,,,,,,,,,,,,,,,,,,,,,,,,,,,,,,,,,,,,,,,,,,,,,,,,,,,,,,,,,,,,,,,,,,,,,,,,,,,,,,,,,,